task,source,index,object,x,y,z
0,recorded_state,0,akita_black_bowl_1,-0.0508518704165359,0.20632919230309657,0.8982497088884221
0,recorded_state,0,akita_black_bowl_2,-0.18368891273205193,0.3334826502030125,0.8981585151399347
0,recorded_state,0,cookies_1,0.05507679066941424,0.016311004296964728,0.9092097974085793
0,recorded_state,0,glazed_rim_porcelain_ramekin_1,-0.1874222727543386,0.2058558447026561,0.8991595343682753
0,recorded_state,0,plate_1,0.08441362086504602,0.19687207103884172,0.9024714419263586
0,recorded_state,1,akita_black_bowl_1,-0.05085460985157901,0.20632841473475344,0.8983620356627411
0,recorded_state,1,akita_black_bowl_2,-0.18368890812626382,0.3334826486710953,0.8983371888880426
0,recorded_state,1,cookies_1,0.05507678932385006,0.016311003245511355,0.9093271744798663
0,recorded_state,1,glazed_rim_porcelain_ramekin_1,-0.18742227272317133,0.20585584347214894,0.8992917431203737
0,recorded_state,1,plate_1,0.08441224583190751,0.19687274040250916,0.9024919887220477
0,recorded_state,2,akita_black_bowl_1,-0.050855331893894073,0.20632820957363912,0.8983926691444337
0,recorded_state,2,akita_black_bowl_2,-0.18368890654072154,0.33348264800477123,0.8983858892454178
0,recorded_state,2,cookies_1,0.055076788707050746,0.01631100283653201,0.9093590472107405
0,recorded_state,2,glazed_rim_porcelain_ramekin_1,-0.18742227271993,0.20585584311868324,0.8993278110039082
0,recorded_state,2,plate_1,0.08441187256878226,0.19687292210017743,0.9024975875543647
0,recorded_state,3,akita_black_bowl_1,-0.050855525702682654,0.20632815445766026,0.8984010280662287
0,recorded_state,3,akita_black_bowl_2,-0.18368890604751129,0.33348264777890435,0.8983991776623819
0,recorded_state,3,cookies_1,0.055076788486275875,0.016311002700077796,0.9093677152284176
0,recorded_state,3,glazed_rim_porcelain_ramekin_1,-0.18742227271992942,0.2058558430173609,0.8993376561131016
0,recorded_state,3,plate_1,0.08441177144793767,0.19687297132220802,0.9024991133566727
0,recorded_state,4,akita_black_bowl_1,-0.05085557797658511,0.20632813957989737,0.89840330915446
0,recorded_state,4,akita_black_bowl_2,-0.18368890589847506,0.33348264770692887,0.8984028041122507
0,recorded_state,4,cookies_1,0.055076788413096406,0.016311002656852536,0.90937007339995
0,recorded_state,4,glazed_rim_porcelain_ramekin_1,-0.18742227272013245,0.20585584298836473,0.8993403436372365
0,recorded_state,4,plate_1,0.0844117440691506,0.19687298464863798,0.9024995291959588
0,recorded_state,5,akita_black_bowl_1,-0.05085559209431189,0.2063281355586436,0.8984039316587527
0,recorded_state,5,akita_black_bowl_2,-0.18368890585403422,0.3334826476846023,0.8984037938131438
0,recorded_state,5,cookies_1,0.055076788389755736,0.01631100264352298,0.9093707150102053
0,recorded_state,5,glazed_rim_porcelain_ramekin_1,-0.1874222727202402,0.2058558429800849,0.8993410772898146
0,recorded_state,5,plate_1,0.08441173665743645,0.19687298825607916,0.9024996425301098
0,recorded_state,6,akita_black_bowl_1,-0.05085559590847111,0.2063281344713669,0.8984041015398014
0,recorded_state,6,akita_black_bowl_2,-0.18368890584089703,0.3334826476777915,0.8984040639163184
0,recorded_state,6,cookies_1,0.05507678838249303,0.016311002639485275,0.9093708895835875
0,recorded_state,6,glazed_rim_porcelain_ramekin_1,-0.18742227272028358,0.20585584297772605,0.8993412775663379
0,recorded_state,6,plate_1,0.08441173465109857,0.1968729892325673,0.9024996734187863
0,recorded_state,7,akita_black_bowl_1,-0.05085559693903358,0.20632813417735688,0.8984041479003215
0,recorded_state,7,akita_black_bowl_2,-0.18368890583703984,0.3334826476757392,0.8984041376313963
0,recorded_state,7,cookies_1,0.0550767883802733,0.016311002638278442,0.9093709370829399
0,recorded_state,7,glazed_rim_porcelain_ramekin_1,-0.18742227272029915,0.20585584297705548,0.8993413322389774
0,recorded_state,7,plate_1,0.08441173410799323,0.19687298949688778,0.9024996818373834
0,recorded_state,8,akita_black_bowl_1,-0.05085559721749212,0.20632813409785133,0.8984041605521136
0,recorded_state,8,akita_black_bowl_2,-0.1836889058359137,0.3334826476751269,0.8984041577493229
0,recorded_state,8,cookies_1,0.055076788379604155,0.01631100263792153,0.9093709500069758
0,recorded_state,8,glazed_rim_porcelain_ramekin_1,-0.18742227272030443,0.20585584297686524,0.8993413471638334
0,recorded_state,8,plate_1,0.08441173396097797,0.1968729895684353,0.90249968413185
0,recorded_state,9,akita_black_bowl_1,-0.05085559729273215,0.20632813407635134,0.8984041640047912
0,recorded_state,9,akita_black_bowl_2,-0.18368890583558653,0.33348264767494573,0.8984041632398009
0,recorded_state,9,cookies_1,0.05507678837940465,0.016311002637816895,0.9093709535234611
0,recorded_state,9,glazed_rim_porcelain_ramekin_1,-0.18742227272030615,0.20585584297681137,0.899341351238108
0,recorded_state,9,plate_1,0.08441173392118188,0.19687298958780214,0.902499684757203
0,recorded_state,10,akita_black_bowl_1,-0.05085559731306218,0.2063281340705373,0.8984041649470285
0,recorded_state,10,akita_black_bowl_2,-0.1836889058354919,0.3334826476748925,0.898404164738233
0,recorded_state,10,cookies_1,0.055076788379345695,0.016311002637786436,0.9093709544802573
0,recorded_state,10,glazed_rim_porcelain_ramekin_1,-0.18742227272030673,0.2058558429767961,0.8993413523503272
0,recorded_state,10,plate_1,0.08441173391040938,0.19687298959304453,0.9024996849276424
0,recorded_state,11,akita_black_bowl_1,-0.050855597318555386,0.20632813406896505,0.8984041652041657
0,recorded_state,11,akita_black_bowl_2,-0.18368890583546463,0.33348264767487695,0.8984041651471775
0,recorded_state,11,cookies_1,0.05507678837932841,0.01631100263777763,0.909370954740591
0,recorded_state,11,glazed_rim_porcelain_ramekin_1,-0.18742227272030673,0.2058558429767918,0.8993413526539474
0,recorded_state,11,plate_1,0.0844117339074933,0.1968729895944635,0.9024996849740958
0,recorded_state,12,akita_black_bowl_1,-0.05085559732003965,0.2063281340685399,0.8984041652743388
0,recorded_state,12,akita_black_bowl_2,-0.1836889058354568,0.33348264767487235,0.8984041652587842
0,recorded_state,12,cookies_1,0.055076788379323366,0.016311002637775105,0.909370954811425
0,recorded_state,12,glazed_rim_porcelain_ramekin_1,-0.18742227272030673,0.2058558429767906,0.8993413527368315
0,recorded_state,12,plate_1,0.08441173390670395,0.19687298959484756,0.9024996849867566
0,recorded_state,13,akita_black_bowl_1,-0.05085559732044071,0.2063281340684249,0.8984041652934889
0,recorded_state,13,akita_black_bowl_2,-0.18368890583545452,0.3334826476748709,0.8984041652892433
0,recorded_state,13,cookies_1,0.0550767883793219,0.016311002637774377,0.9093709548306982
0,recorded_state,13,glazed_rim_porcelain_ramekin_1,-0.18742227272030673,0.2058558429767903,0.8993413527594578
0,recorded_state,13,plate_1,0.08441173390649029,0.19687298959495153,0.9024996849902075
0,recorded_state,14,akita_black_bowl_1,-0.05085559732054908,0.20632813406839387,0.8984041652987148
0,recorded_state,14,akita_black_bowl_2,-0.18368890583545383,0.3334826476748709,0.8984041652975561
0,recorded_state,14,cookies_1,0.05507678837932148,0.01631100263777417,0.9093709548359422
0,recorded_state,14,glazed_rim_porcelain_ramekin_1,-0.18742227272030673,0.2058558429767903,0.8993413527656344
0,recorded_state,14,plate_1,0.08441173390643243,0.1968729895949797,0.902499684991148
0,recorded_state,15,akita_black_bowl_1,-0.05085559732057836,0.2063281340683855,0.8984041653001409
0,recorded_state,15,akita_black_bowl_2,-0.18368890583545383,0.3334826476748709,0.8984041652998248
0,recorded_state,15,cookies_1,0.055076788379321354,0.016311002637774106,0.9093709548373689
0,recorded_state,15,glazed_rim_porcelain_ramekin_1,-0.18742227272030673,0.2058558429767903,0.8993413527673203
0,recorded_state,15,plate_1,0.08441173390641676,0.19687298959498728,0.9024996849914045
0,recorded_state,16,akita_black_bowl_1,-0.05085559732058627,0.2063281340683832,0.8984041653005301
0,recorded_state,16,akita_black_bowl_2,-0.18368890583545383,0.3334826476748709,0.8984041653004439
0,recorded_state,16,cookies_1,0.055076788379321354,0.016311002637774106,0.9093709548377573
0,recorded_state,16,glazed_rim_porcelain_ramekin_1,-0.18742227272030673,0.2058558429767903,0.8993413527677806
0,recorded_state,16,plate_1,0.08441173390641256,0.19687298959498933,0.9024996849914741
0,recorded_state,17,akita_black_bowl_1,-0.05085559732058839,0.20632813406838257,0.8984041653006365
0,recorded_state,17,akita_black_bowl_2,-0.18368890583545383,0.3334826476748709,0.8984041653006131
0,recorded_state,17,cookies_1,0.055076788379321354,0.016311002637774106,0.9093709548378627
0,recorded_state,17,glazed_rim_porcelain_ramekin_1,-0.18742227272030673,0.2058558429767903,0.8993413527679063
0,recorded_state,17,plate_1,0.08441173390641141,0.1968729895949899,0.9024996849914931
0,recorded_state,18,akita_black_bowl_1,-0.050855597320588974,0.20632813406838257,0.8984041653006655
0,recorded_state,18,akita_black_bowl_2,-0.18368890583545383,0.3334826476748709,0.898404165300659
0,recorded_state,18,cookies_1,0.055076788379321354,0.016311002637774106,0.9093709548378914
0,recorded_state,18,glazed_rim_porcelain_ramekin_1,-0.18742227272030673,0.2058558429767903,0.8993413527679406
0,recorded_state,18,plate_1,0.08441173390641109,0.1968729895949899,0.9024996849914984
0,recorded_state,19,akita_black_bowl_1,-0.050855597320589134,0.20632813406838257,0.8984041653006734
0,recorded_state,19,akita_black_bowl_2,-0.18368890583545383,0.3334826476748709,0.8984041653006716
0,recorded_state,19,cookies_1,0.055076788379321354,0.016311002637774106,0.9093709548378993
0,recorded_state,19,glazed_rim_porcelain_ramekin_1,-0.18742227272030673,0.2058558429767903,0.89934135276795
0,recorded_state,19,plate_1,0.08441173390641109,0.1968729895949899,0.9024996849914994
0,recorded_state,20,akita_black_bowl_1,-0.050855597320589134,0.20632813406838257,0.8984041653006754
0,recorded_state,20,akita_black_bowl_2,-0.18368890583545383,0.3334826476748709,0.8984041653006751
0,recorded_state,20,cookies_1,0.055076788379321354,0.016311002637774106,0.9093709548379013
0,recorded_state,20,glazed_rim_porcelain_ramekin_1,-0.18742227272030673,0.2058558429767903,0.8993413527679525
0,recorded_state,20,plate_1,0.08441173390641109,0.1968729895949899,0.9024996849914994
0,recorded_state,21,akita_black_bowl_1,-0.050855597320589134,0.20632813406838257,0.8984041653006754
0,recorded_state,21,akita_black_bowl_2,-0.18368890583545383,0.3334826476748709,0.8984041653006754
0,recorded_state,21,cookies_1,0.055076788379321354,0.016311002637774106,0.9093709548379013
0,recorded_state,21,glazed_rim_porcelain_ramekin_1,-0.18742227272030673,0.2058558429767903,0.8993413527679525
0,recorded_state,21,plate_1,0.08441173390641109,0.1968729895949899,0.9024996849914994
0,recorded_state,22,akita_black_bowl_1,-0.050855597320589134,0.20632813406838257,0.8984041653006754
0,recorded_state,22,akita_black_bowl_2,-0.18368890583545383,0.3334826476748709,0.8984041653006754
0,recorded_state,22,cookies_1,0.055076788379321354,0.016311002637774106,0.9093709548379013
0,recorded_state,22,glazed_rim_porcelain_ramekin_1,-0.18742227272030673,0.2058558429767903,0.8993413527679525
0,recorded_state,22,plate_1,0.08441173390641109,0.1968729895949899,0.9024996849914994
0,recorded_state,23,akita_black_bowl_1,-0.050855597320589134,0.20632813406838257,0.8984041653006754
0,recorded_state,23,akita_black_bowl_2,-0.18368890583545383,0.3334826476748709,0.8984041653006754
0,recorded_state,23,cookies_1,0.055076788379321354,0.016311002637774106,0.9093709548379013
0,recorded_state,23,glazed_rim_porcelain_ramekin_1,-0.18742227272030673,0.2058558429767903,0.8993413527679525
0,recorded_state,23,plate_1,0.08441173390641109,0.1968729895949899,0.9024996849914994
0,recorded_state,24,akita_black_bowl_1,-0.050855597320589134,0.20632813406838257,0.8984041653006754
0,recorded_state,24,akita_black_bowl_2,-0.18368890583545383,0.3334826476748709,0.8984041653006754
0,recorded_state,24,cookies_1,0.055076788379321354,0.016311002637774106,0.9093709548379013
0,recorded_state,24,glazed_rim_porcelain_ramekin_1,-0.18742227272030673,0.2058558429767903,0.8993413527679525
0,recorded_state,24,plate_1,0.08441173390641109,0.1968729895949899,0.9024996849914994
0,recorded_state,25,akita_black_bowl_1,-0.050855597320589134,0.20632813406838257,0.8984041653006754
0,recorded_state,25,akita_black_bowl_2,-0.18368890583545383,0.3334826476748709,0.8984041653006754
0,recorded_state,25,cookies_1,0.055076788379321354,0.016311002637774106,0.9093709548379013
0,recorded_state,25,glazed_rim_porcelain_ramekin_1,-0.18742227272030673,0.2058558429767903,0.8993413527679525
0,recorded_state,25,plate_1,0.08441173390641109,0.1968729895949899,0.9024996849914994
0,recorded_state,26,akita_black_bowl_1,-0.050855597320589134,0.20632813406838257,0.8984041653006754
0,recorded_state,26,akita_black_bowl_2,-0.18368890583545383,0.3334826476748709,0.8984041653006754
0,recorded_state,26,cookies_1,0.055076788379321354,0.016311002637774106,0.9093709548379013
0,recorded_state,26,glazed_rim_porcelain_ramekin_1,-0.18742227272030673,0.2058558429767903,0.8993413527679525
0,recorded_state,26,plate_1,0.08441173390641109,0.1968729895949899,0.9024996849914994
0,recorded_state,27,akita_black_bowl_1,-0.050855597320589134,0.20632813406838257,0.8984041653006754
0,recorded_state,27,akita_black_bowl_2,-0.18368890583545383,0.3334826476748709,0.8984041653006754
0,recorded_state,27,cookies_1,0.055076788379321354,0.016311002637774106,0.9093709548379013
0,recorded_state,27,glazed_rim_porcelain_ramekin_1,-0.18742227272030673,0.2058558429767903,0.8993413527679525
0,recorded_state,27,plate_1,0.08441173390641109,0.1968729895949899,0.9024996849914994
0,recorded_state,28,akita_black_bowl_1,-0.050855597320589134,0.20632813406838257,0.8984041653006754
0,recorded_state,28,akita_black_bowl_2,-0.18368890583545383,0.3334826476748709,0.8984041653006754
0,recorded_state,28,cookies_1,0.055076788379321354,0.016311002637774106,0.9093709548379013
0,recorded_state,28,glazed_rim_porcelain_ramekin_1,-0.18742227272030673,0.2058558429767903,0.8993413527679525
0,recorded_state,28,plate_1,0.08441173390641109,0.1968729895949899,0.9024996849914994
0,recorded_state,29,akita_black_bowl_1,-0.050855597320589134,0.20632813406838257,0.8984041653006754
0,recorded_state,29,akita_black_bowl_2,-0.18368890583545383,0.3334826476748709,0.8984041653006754
0,recorded_state,29,cookies_1,0.055076788379321354,0.016311002637774106,0.9093709548379013
0,recorded_state,29,glazed_rim_porcelain_ramekin_1,-0.18742227272030673,0.2058558429767903,0.8993413527679525
0,recorded_state,29,plate_1,0.08441173390641109,0.1968729895949899,0.9024996849914994
0,recorded_state,30,akita_black_bowl_1,-0.050855597320589134,0.20632813406838257,0.8984041653006754
0,recorded_state,30,akita_black_bowl_2,-0.18368890583545383,0.3334826476748709,0.8984041653006754
0,recorded_state,30,cookies_1,0.055076788379321354,0.016311002637774106,0.9093709548379013
0,recorded_state,30,glazed_rim_porcelain_ramekin_1,-0.18742227272030673,0.2058558429767903,0.8993413527679525
0,recorded_state,30,plate_1,0.08441173390641109,0.1968729895949899,0.9024996849914994
0,recorded_state,31,akita_black_bowl_1,-0.050855597320589134,0.20632813406838257,0.8984041653006754
0,recorded_state,31,akita_black_bowl_2,-0.18368890583545383,0.3334826476748709,0.8984041653006754
0,recorded_state,31,cookies_1,0.055076788379321354,0.016311002637774106,0.9093709548379013
0,recorded_state,31,glazed_rim_porcelain_ramekin_1,-0.18742227272030673,0.2058558429767903,0.8993413527679525
0,recorded_state,31,plate_1,0.08441173390641109,0.1968729895949899,0.9024996849914994
0,recorded_state,32,akita_black_bowl_1,-0.050855597320589134,0.20632813406838257,0.8984041653006754
0,recorded_state,32,akita_black_bowl_2,-0.18368890583545383,0.3334826476748709,0.8984041653006754
0,recorded_state,32,cookies_1,0.055076788379321354,0.016311002637774106,0.9093709548379013
0,recorded_state,32,glazed_rim_porcelain_ramekin_1,-0.18742227272030673,0.2058558429767903,0.8993413527679525
0,recorded_state,32,plate_1,0.08441173390641109,0.1968729895949899,0.9024996849914994
0,recorded_state,33,akita_black_bowl_1,-0.050855597320589134,0.20632813406838257,0.8984041653006754
0,recorded_state,33,akita_black_bowl_2,-0.18368890583545383,0.3334826476748709,0.8984041653006754
0,recorded_state,33,cookies_1,0.055076788379321354,0.016311002637774106,0.9093709548379013
0,recorded_state,33,glazed_rim_porcelain_ramekin_1,-0.18742227272030673,0.2058558429767903,0.8993413527679525
0,recorded_state,33,plate_1,0.08441173390641109,0.1968729895949899,0.9024996849914994
0,recorded_state,34,akita_black_bowl_1,-0.050855597320589134,0.20632813406838257,0.8984041653006754
0,recorded_state,34,akita_black_bowl_2,-0.18368890583545383,0.3334826476748709,0.8984041653006754
0,recorded_state,34,cookies_1,0.055076788379321354,0.016311002637774106,0.9093709548379013
0,recorded_state,34,glazed_rim_porcelain_ramekin_1,-0.18742227272030673,0.2058558429767903,0.8993413527679525
0,recorded_state,34,plate_1,0.08441173390641109,0.1968729895949899,0.9024996849914994
0,recorded_state,35,akita_black_bowl_1,-0.050855597320589134,0.20632813406838257,0.8984041653006754
0,recorded_state,35,akita_black_bowl_2,-0.18368890583545383,0.3334826476748709,0.8984041653006754
0,recorded_state,35,cookies_1,0.055076788379321354,0.016311002637774106,0.9093709548379013
0,recorded_state,35,glazed_rim_porcelain_ramekin_1,-0.18742227272030673,0.2058558429767903,0.8993413527679525
0,recorded_state,35,plate_1,0.08441173390641109,0.1968729895949899,0.9024996849914994
0,recorded_state,36,akita_black_bowl_1,-0.050855597320589134,0.20632813406838257,0.8984041653006754
0,recorded_state,36,akita_black_bowl_2,-0.18368890583545383,0.3334826476748709,0.8984041653006754
0,recorded_state,36,cookies_1,0.055076788379321354,0.016311002637774106,0.9093709548379013
0,recorded_state,36,glazed_rim_porcelain_ramekin_1,-0.18742227272030673,0.2058558429767903,0.8993413527679525
0,recorded_state,36,plate_1,0.08441173390641109,0.1968729895949899,0.9024996849914994
0,recorded_state,37,akita_black_bowl_1,-0.050855597320589134,0.20632813406838257,0.8984041653006754
0,recorded_state,37,akita_black_bowl_2,-0.18368890583545383,0.3334826476748709,0.8984041653006754
0,recorded_state,37,cookies_1,0.055076788379321354,0.016311002637774106,0.9093709548379013
0,recorded_state,37,glazed_rim_porcelain_ramekin_1,-0.18742227272030673,0.2058558429767903,0.8993413527679525
0,recorded_state,37,plate_1,0.08441173390641109,0.1968729895949899,0.9024996849914994
0,recorded_state,38,akita_black_bowl_1,-0.050855597320589134,0.20632813406838257,0.8984041653006754
0,recorded_state,38,akita_black_bowl_2,-0.18368890583545383,0.3334826476748709,0.8984041653006754
0,recorded_state,38,cookies_1,0.055076788379321354,0.016311002637774106,0.9093709548379013
0,recorded_state,38,glazed_rim_porcelain_ramekin_1,-0.18742227272030673,0.2058558429767903,0.8993413527679525
0,recorded_state,38,plate_1,0.08441173390641109,0.1968729895949899,0.9024996849914994
0,recorded_state,39,akita_black_bowl_1,-0.050855597320589134,0.20632813406838257,0.8984041653006754
0,recorded_state,39,akita_black_bowl_2,-0.18368890583545383,0.3334826476748709,0.8984041653006754
0,recorded_state,39,cookies_1,0.055076788379321354,0.016311002637774106,0.9093709548379013
0,recorded_state,39,glazed_rim_porcelain_ramekin_1,-0.18742227272030673,0.2058558429767903,0.8993413527679525
0,recorded_state,39,plate_1,0.08441173390641109,0.1968729895949899,0.9024996849914994
0,recorded_state,40,akita_black_bowl_1,-0.050855597320589134,0.20632813406838257,0.8984041653006754
0,recorded_state,40,akita_black_bowl_2,-0.18368890583545383,0.3334826476748709,0.8984041653006754
0,recorded_state,40,cookies_1,0.055076788379321354,0.016311002637774106,0.9093709548379013
0,recorded_state,40,glazed_rim_porcelain_ramekin_1,-0.18742227272030673,0.2058558429767903,0.8993413527679525
0,recorded_state,40,plate_1,0.08441173390641109,0.1968729895949899,0.9024996849914994
0,recorded_state,41,akita_black_bowl_1,-0.050855597320589134,0.20632813406838257,0.8984041653006754
0,recorded_state,41,akita_black_bowl_2,-0.18368890583545383,0.3334826476748709,0.8984041653006754
0,recorded_state,41,cookies_1,0.055076788379321354,0.016311002637774106,0.9093709548379013
0,recorded_state,41,glazed_rim_porcelain_ramekin_1,-0.18742227272030673,0.2058558429767903,0.8993413527679525
0,recorded_state,41,plate_1,0.08441173390641109,0.1968729895949899,0.9024996849914994
0,recorded_state,42,akita_black_bowl_1,-0.05070032383963975,0.2087277045090709,0.8983565627334215
0,recorded_state,42,akita_black_bowl_2,-0.18368890583545383,0.3334826476748709,0.8984041653006754
0,recorded_state,42,cookies_1,0.055076788379321354,0.016311002637774106,0.9093709548379013
0,recorded_state,42,glazed_rim_porcelain_ramekin_1,-0.18742227272030673,0.2058558429767903,0.8993413527679525
0,recorded_state,42,plate_1,0.08441173390641109,0.1968729895949899,0.9024996849914994
0,recorded_state,43,akita_black_bowl_1,-0.05102491590260854,0.21193681081460095,0.8990619372672719
0,recorded_state,43,akita_black_bowl_2,-0.18368890583545383,0.3334826476748709,0.8984041653006754
0,recorded_state,43,cookies_1,0.055076788379321354,0.016311002637774106,0.9093709548379013
0,recorded_state,43,glazed_rim_porcelain_ramekin_1,-0.18742227272030673,0.2058558429767903,0.8993413527679525
0,recorded_state,43,plate_1,0.08441173390641109,0.1968729895949899,0.9024996849914994
0,recorded_state,44,akita_black_bowl_1,-0.05087917283967327,0.21545397907638325,0.8983453256870048
0,recorded_state,44,akita_black_bowl_2,-0.18368890583545383,0.3334826476748709,0.8984041653006754
0,recorded_state,44,cookies_1,0.055076788379321354,0.016311002637774106,0.9093709548379013
0,recorded_state,44,glazed_rim_porcelain_ramekin_1,-0.18742227272030673,0.2058558429767903,0.8993413527679525
0,recorded_state,44,plate_1,0.08441173390641109,0.1968729895949899,0.9024996849914994
0,recorded_state,45,akita_black_bowl_1,-0.0504698767008614,0.2178744789491424,0.8986639557166288
0,recorded_state,45,akita_black_bowl_2,-0.18368890583545383,0.3334826476748709,0.8984041653006754
0,recorded_state,45,cookies_1,0.055076788379321354,0.016311002637774106,0.9093709548379013
0,recorded_state,45,glazed_rim_porcelain_ramekin_1,-0.18742227272030673,0.2058558429767903,0.8993413527679525
0,recorded_state,45,plate_1,0.08441173390641109,0.1968729895949899,0.9024996849914994
0,recorded_state,46,akita_black_bowl_1,-0.05055991868927225,0.21868839671453838,0.899164182822633
0,recorded_state,46,akita_black_bowl_2,-0.18368890583545383,0.3334826476748709,0.8984041653006754
0,recorded_state,46,cookies_1,0.055076788379321354,0.016311002637774106,0.9093709548379013
0,recorded_state,46,glazed_rim_porcelain_ramekin_1,-0.18742227272030673,0.2058558429767903,0.8993413527679525
0,recorded_state,46,plate_1,0.08441173390641109,0.1968729895949899,0.9024996849914994
0,recorded_state,47,akita_black_bowl_1,-0.05113055251058501,0.21710867302748615,0.9000233367635706
0,recorded_state,47,akita_black_bowl_2,-0.18368890583545383,0.3334826476748709,0.8984041653006754
0,recorded_state,47,cookies_1,0.055076788379321354,0.016311002637774106,0.9093709548379013
0,recorded_state,47,glazed_rim_porcelain_ramekin_1,-0.18742227272030673,0.2058558429767903,0.8993413527679525
0,recorded_state,47,plate_1,0.08441173390641109,0.1968729895949899,0.9024996849914994
0,recorded_state,48,akita_black_bowl_1,-0.052068354335056403,0.21512244928300986,0.901245899213435
0,recorded_state,48,akita_black_bowl_2,-0.18368890583545383,0.3334826476748709,0.8984041653006754
0,recorded_state,48,cookies_1,0.055076788379321354,0.016311002637774106,0.9093709548379013
0,recorded_state,48,glazed_rim_porcelain_ramekin_1,-0.18742227272030673,0.2058558429767903,0.8993413527679525
0,recorded_state,48,plate_1,0.08441173390641109,0.1968729895949899,0.9024996849914994
0,recorded_state,49,akita_black_bowl_1,-0.053279968026066334,0.21192974569319073,0.9022100369447281
0,recorded_state,49,akita_black_bowl_2,-0.18368890583545383,0.3334826476748709,0.8984041653006754
0,recorded_state,49,cookies_1,0.055076788379321354,0.016311002637774106,0.9093709548379013
0,recorded_state,49,glazed_rim_porcelain_ramekin_1,-0.18742227272030673,0.2058558429767903,0.8993413527679525
0,recorded_state,49,plate_1,0.08441173390641109,0.1968729895949899,0.9024996849914994
0,recorded_state,50,akita_black_bowl_1,-0.05234154293989891,0.20767045320466385,0.904425313419988
0,recorded_state,50,akita_black_bowl_2,-0.18368890583545383,0.3334826476748709,0.8984041653006754
0,recorded_state,50,cookies_1,0.055076788379321354,0.016311002637774106,0.9093709548379013
0,recorded_state,50,glazed_rim_porcelain_ramekin_1,-0.18742227272030673,0.2058558429767903,0.8993413527679525
0,recorded_state,50,plate_1,0.08441173390641109,0.1968729895949899,0.9024996849914994
0,recorded_state,51,akita_black_bowl_1,-0.04794669260704997,0.20543056300220922,0.9104027892635105
0,recorded_state,51,akita_black_bowl_2,-0.18368890583545383,0.3334826476748709,0.8984041653006754
0,recorded_state,51,cookies_1,0.055076788379321354,0.016311002637774106,0.9093709548379013
0,recorded_state,51,glazed_rim_porcelain_ramekin_1,-0.18742227272030673,0.2058558429767903,0.8993413527679525
0,recorded_state,51,plate_1,0.08441173390641109,0.1968729895949899,0.9024996849914994
0,recorded_state,52,akita_black_bowl_1,-0.04585596689905552,0.20458509966211466,0.9189211445883247
0,recorded_state,52,akita_black_bowl_2,-0.18368890583545383,0.3334826476748709,0.8984041653006754
0,recorded_state,52,cookies_1,0.055076788379321354,0.016311002637774106,0.9093709548379013
0,recorded_state,52,glazed_rim_porcelain_ramekin_1,-0.18742227272030673,0.2058558429767903,0.8993413527679525
0,recorded_state,52,plate_1,0.08441173390641109,0.1968729895949899,0.9024996849914994
0,recorded_state,53,akita_black_bowl_1,-0.041672761294556666,0.20362155908451277,0.9283314577934936
0,recorded_state,53,akita_black_bowl_2,-0.18368890583545383,0.3334826476748709,0.8984041653006754
0,recorded_state,53,cookies_1,0.055076788379321354,0.016311002637774106,0.9093709548379013
0,recorded_state,53,glazed_rim_porcelain_ramekin_1,-0.18742227272030673,0.2058558429767903,0.8993413527679525
0,recorded_state,53,plate_1,0.08441173390641109,0.1968729895949899,0.9024996849914994
0,recorded_state,54,akita_black_bowl_1,-0.036485343771297064,0.20276524002152896,0.9386464206570968
0,recorded_state,54,akita_black_bowl_2,-0.18368890583545383,0.3334826476748709,0.8984041653006754
0,recorded_state,54,cookies_1,0.055076788379321354,0.016311002637774106,0.9093709548379013
0,recorded_state,54,glazed_rim_porcelain_ramekin_1,-0.18742227272030673,0.2058558429767903,0.8993413527679525
0,recorded_state,54,plate_1,0.08441173390641109,0.1968729895949899,0.9024996849914994
0,recorded_state,55,akita_black_bowl_1,-0.03022482567693818,0.20173073261595106,0.9490197795734272
0,recorded_state,55,akita_black_bowl_2,-0.18368890583545383,0.3334826476748709,0.8984041653006754
0,recorded_state,55,cookies_1,0.055076788379321354,0.016311002637774106,0.9093709548379013
0,recorded_state,55,glazed_rim_porcelain_ramekin_1,-0.18742227272030673,0.2058558429767903,0.8993413527679525
0,recorded_state,55,plate_1,0.08441173390641109,0.1968729895949899,0.9024996849914994
0,recorded_state,56,akita_black_bowl_1,-0.023096429216541647,0.20044421928499223,0.9588358426804252
0,recorded_state,56,akita_black_bowl_2,-0.18368890583545383,0.3334826476748709,0.8984041653006754
0,recorded_state,56,cookies_1,0.055076788379321354,0.016311002637774106,0.9093709548379013
0,recorded_state,56,glazed_rim_porcelain_ramekin_1,-0.18742227272030673,0.2058558429767903,0.8993413527679525
0,recorded_state,56,plate_1,0.08441173390641109,0.1968729895949899,0.9024996849914994
0,recorded_state,57,akita_black_bowl_1,-0.015446379688073978,0.19952072511721622,0.96794169048862
0,recorded_state,57,akita_black_bowl_2,-0.18368890583545383,0.3334826476748709,0.8984041653006754
0,recorded_state,57,cookies_1,0.055076788379321354,0.016311002637774106,0.9093709548379013
0,recorded_state,57,glazed_rim_porcelain_ramekin_1,-0.18742227272030673,0.2058558429767903,0.8993413527679525
0,recorded_state,57,plate_1,0.08441173390641109,0.1968729895949899,0.9024996849914994
0,recorded_state,58,akita_black_bowl_1,-0.007344582349412663,0.19903022838102685,0.97635270500806
0,recorded_state,58,akita_black_bowl_2,-0.18368890583545383,0.3334826476748709,0.8984041653006754
0,recorded_state,58,cookies_1,0.055076788379321354,0.016311002637774106,0.9093709548379013
0,recorded_state,58,glazed_rim_porcelain_ramekin_1,-0.18742227272030673,0.2058558429767903,0.8993413527679525
0,recorded_state,58,plate_1,0.08441173390641109,0.1968729895949899,0.9024996849914994
0,recorded_state,59,akita_black_bowl_1,0.0009140293574968382,0.19868105666787822,0.9837471573361354
0,recorded_state,59,akita_black_bowl_2,-0.18368890583545383,0.3334826476748709,0.8984041653006754
0,recorded_state,59,cookies_1,0.055076788379321354,0.016311002637774106,0.9093709548379013
0,recorded_state,59,glazed_rim_porcelain_ramekin_1,-0.18742227272030673,0.2058558429767903,0.8993413527679525
0,recorded_state,59,plate_1,0.08441173390641109,0.1968729895949899,0.9024996849914994
0,recorded_state,60,akita_black_bowl_1,0.00923641368664759,0.19850290068928178,0.9897800804300022
0,recorded_state,60,akita_black_bowl_2,-0.18368890583545383,0.3334826476748709,0.8984041653006754
0,recorded_state,60,cookies_1,0.055076788379321354,0.016311002637774106,0.9093709548379013
0,recorded_state,60,glazed_rim_porcelain_ramekin_1,-0.18742227272030673,0.2058558429767903,0.8993413527679525
0,recorded_state,60,plate_1,0.08441173390641109,0.1968729895949899,0.9024996849914994
0,recorded_state,61,akita_black_bowl_1,0.01778017341062356,0.19831980259831414,0.9944583084651037
0,recorded_state,61,akita_black_bowl_2,-0.18368890583545383,0.3334826476748709,0.8984041653006754
0,recorded_state,61,cookies_1,0.055076788379321354,0.016311002637774106,0.9093709548379013
0,recorded_state,61,glazed_rim_porcelain_ramekin_1,-0.18742227272030673,0.2058558429767903,0.8993413527679525
0,recorded_state,61,plate_1,0.08441173390641109,0.1968729895949899,0.9024996849914994
0,recorded_state,62,akita_black_bowl_1,0.026493289698638196,0.19806050735044226,0.9980509886446121
0,recorded_state,62,akita_black_bowl_2,-0.18368890583545383,0.3334826476748709,0.8984041653006754
0,recorded_state,62,cookies_1,0.055076788379321354,0.016311002637774106,0.9093709548379013
0,recorded_state,62,glazed_rim_porcelain_ramekin_1,-0.18742227272030673,0.2058558429767903,0.8993413527679525
0,recorded_state,62,plate_1,0.08441173390641109,0.1968729895949899,0.9024996849914994
0,recorded_state,63,akita_black_bowl_1,0.035392782333116414,0.19782928768963703,1.0006349369329526
0,recorded_state,63,akita_black_bowl_2,-0.18368890583545383,0.3334826476748709,0.8984041653006754
0,recorded_state,63,cookies_1,0.055076788379321354,0.016311002637774106,0.9093709548379013
0,recorded_state,63,glazed_rim_porcelain_ramekin_1,-0.18742227272030673,0.2058558429767903,0.8993413527679525
0,recorded_state,63,plate_1,0.08441173390641109,0.1968729895949899,0.9024996849914994
0,recorded_state,64,akita_black_bowl_1,0.04441550229901272,0.19770403199508785,1.0022076574307273
0,recorded_state,64,akita_black_bowl_2,-0.18368890583545383,0.3334826476748709,0.8984041653006754
0,recorded_state,64,cookies_1,0.055076788379321354,0.016311002637774106,0.9093709548379013
0,recorded_state,64,glazed_rim_porcelain_ramekin_1,-0.18742227272030673,0.2058558429767903,0.8993413527679525
0,recorded_state,64,plate_1,0.08441173390641109,0.1968729895949899,0.9024996849914994
0,recorded_state,65,akita_black_bowl_1,0.053756616977782695,0.19744030490867662,1.0026218317846154
0,recorded_state,65,akita_black_bowl_2,-0.18368890583545383,0.3334826476748709,0.8984041653006754
0,recorded_state,65,cookies_1,0.055076788379321354,0.016311002637774106,0.9093709548379013
0,recorded_state,65,glazed_rim_porcelain_ramekin_1,-0.18742227272030673,0.2058558429767903,0.8993413527679525
0,recorded_state,65,plate_1,0.08441173390641109,0.1968729895949899,0.9024996849914994
0,recorded_state,66,akita_black_bowl_1,0.06347424204958586,0.19675107752292417,1.002281116544485
0,recorded_state,66,akita_black_bowl_2,-0.18368890583545383,0.3334826476748709,0.8984041653006754
0,recorded_state,66,cookies_1,0.055076788379321354,0.016311002637774106,0.9093709548379013
0,recorded_state,66,glazed_rim_porcelain_ramekin_1,-0.18742227272030673,0.2058558429767903,0.8993413527679525
0,recorded_state,66,plate_1,0.08441173390641109,0.1968729895949899,0.9024996849914994
0,recorded_state,67,akita_black_bowl_1,0.07341624088347758,0.19569402663759747,1.000902670889676
0,recorded_state,67,akita_black_bowl_2,-0.18368890583545383,0.3334826476748709,0.8984041653006754
0,recorded_state,67,cookies_1,0.055076788379321354,0.016311002637774106,0.9093709548379013
0,recorded_state,67,glazed_rim_porcelain_ramekin_1,-0.18742227272030673,0.2058558429767903,0.8993413527679525
0,recorded_state,67,plate_1,0.08441173390641109,0.1968729895949899,0.9024996849914994
0,recorded_state,68,akita_black_bowl_1,0.08339934852184615,0.19414656936175262,0.9969133954885054
0,recorded_state,68,akita_black_bowl_2,-0.18368890583545383,0.3334826476748709,0.8984041653006754
0,recorded_state,68,cookies_1,0.055076788379321354,0.016311002637774106,0.9093709548379013
0,recorded_state,68,glazed_rim_porcelain_ramekin_1,-0.18742227272030673,0.2058558429767903,0.8993413527679525
0,recorded_state,68,plate_1,0.08441173390641109,0.1968729895949899,0.9024996849914994
0,recorded_state,69,akita_black_bowl_1,0.0934015722884294,0.19221437217791637,0.9900294414150268
0,recorded_state,69,akita_black_bowl_2,-0.18368890583545383,0.3334826476748709,0.8984041653006754
0,recorded_state,69,cookies_1,0.055076788379321354,0.016311002637774106,0.9093709548379013
0,recorded_state,69,glazed_rim_porcelain_ramekin_1,-0.18742227272030673,0.2058558429767903,0.8993413527679525
0,recorded_state,69,plate_1,0.08441173390641109,0.1968729895949899,0.9024996849914994
0,recorded_state,70,akita_black_bowl_1,0.10207525245714118,0.19012176246833262,0.9808728739507832
0,recorded_state,70,akita_black_bowl_2,-0.18368890583545383,0.3334826476748709,0.8984041653006754
0,recorded_state,70,cookies_1,0.055076788379321354,0.016311002637774106,0.9093709548379013
0,recorded_state,70,glazed_rim_porcelain_ramekin_1,-0.18742227272030673,0.2058558429767903,0.8993413527679525
0,recorded_state,70,plate_1,0.08441173390641109,0.1968729895949899,0.9024996849914994
0,recorded_state,71,akita_black_bowl_1,0.1083641752984814,0.18781210244264557,0.9707246685603702
0,recorded_state,71,akita_black_bowl_2,-0.18368890583545383,0.3334826476748709,0.8984041653006754
0,recorded_state,71,cookies_1,0.055076788379321354,0.016311002637774106,0.9093709548379013
0,recorded_state,71,glazed_rim_porcelain_ramekin_1,-0.18742227272030673,0.2058558429767903,0.8993413527679525
0,recorded_state,71,plate_1,0.08441173390641109,0.1968729895949899,0.9024996849914994
0,recorded_state,72,akita_black_bowl_1,0.11293952249159757,0.1854568835000392,0.9607154819081061
0,recorded_state,72,akita_black_bowl_2,-0.18368890583545383,0.3334826476748709,0.8984041653006754
0,recorded_state,72,cookies_1,0.055076788379321354,0.016311002637774106,0.9093709548379013
0,recorded_state,72,glazed_rim_porcelain_ramekin_1,-0.18742227272030673,0.2058558429767903,0.8993413527679525
0,recorded_state,72,plate_1,0.08441173390641109,0.1968729895949899,0.9024996849914994
0,recorded_state,73,akita_black_bowl_1,0.1157416620504619,0.18321474618028435,0.9506560236492644
0,recorded_state,73,akita_black_bowl_2,-0.18368890583545383,0.3334826476748709,0.8984041653006754
0,recorded_state,73,cookies_1,0.055076788379321354,0.016311002637774106,0.9093709548379013
0,recorded_state,73,glazed_rim_porcelain_ramekin_1,-0.18742227272030673,0.2058558429767903,0.8993413527679525
0,recorded_state,73,plate_1,0.08441173390641109,0.1968729895949899,0.9024996849914994
0,recorded_state,74,akita_black_bowl_1,0.11651475901426617,0.18146222256162145,0.9406223916760055
0,recorded_state,74,akita_black_bowl_2,-0.18368890583545383,0.3334826476748709,0.8984041653006754
0,recorded_state,74,cookies_1,0.055076788379321354,0.016311002637774106,0.9093709548379013
0,recorded_state,74,glazed_rim_porcelain_ramekin_1,-0.18742227272030673,0.2058558429767903,0.8993413527679525
0,recorded_state,74,plate_1,0.08441173390641109,0.1968729895949899,0.9024996849914994
0,recorded_state,75,akita_black_bowl_1,0.11477689463794431,0.18027623260434897,0.93095649952748
0,recorded_state,75,akita_black_bowl_2,-0.18368890583545383,0.3334826476748709,0.8984041653006754
0,recorded_state,75,cookies_1,0.055076788379321354,0.016311002637774106,0.9093709548379013
0,recorded_state,75,glazed_rim_porcelain_ramekin_1,-0.18742227272030673,0.2058558429767903,0.8993413527679525
0,recorded_state,75,plate_1,0.08441173390641109,0.1968729895949899,0.9024996849914994
0,recorded_state,76,akita_black_bowl_1,0.1106404082556162,0.17954077989505707,0.9219576797750764
0,recorded_state,76,akita_black_bowl_2,-0.18368890583545383,0.3334826476748709,0.8984041653006754
0,recorded_state,76,cookies_1,0.055076788379321354,0.016311002637774106,0.9093709548379013
0,recorded_state,76,glazed_rim_porcelain_ramekin_1,-0.18742227272030673,0.2058558429767903,0.8993413527679525
0,recorded_state,76,plate_1,0.08441173390641109,0.1968729895949899,0.9024996849914994
0,recorded_state,77,akita_black_bowl_1,0.1058729946498512,0.18028392909687224,0.9150065949313791
0,recorded_state,77,akita_black_bowl_2,-0.18368890583545383,0.3334826476748709,0.8984041653006754
0,recorded_state,77,cookies_1,0.055076788379321354,0.016311002637774106,0.9093709548379013
0,recorded_state,77,glazed_rim_porcelain_ramekin_1,-0.18742227272030673,0.2058558429767903,0.8993413527679525
0,recorded_state,77,plate_1,0.0844825604409206,0.19677463590345465,0.9033578009916512
0,recorded_state,78,akita_black_bowl_1,0.10247324071451738,0.18265595073686994,0.9113318118000671
0,recorded_state,78,akita_black_bowl_2,-0.18368890583545383,0.3334826476748709,0.8984041653006754
0,recorded_state,78,cookies_1,0.055076788379321354,0.016311002637774106,0.9093709548379013
0,recorded_state,78,glazed_rim_porcelain_ramekin_1,-0.18742227272030673,0.2058558429767903,0.8993413527679525
0,recorded_state,78,plate_1,0.08466309851207761,0.19472388860841391,0.9040306771957329
0,recorded_state,79,akita_black_bowl_1,0.101415431433121,0.18420120592261605,0.9087940910360437
0,recorded_state,79,akita_black_bowl_2,-0.18368890583545383,0.3334826476748709,0.8984041653006754
0,recorded_state,79,cookies_1,0.055076788379321354,0.016311002637774106,0.9093709548379013
0,recorded_state,79,glazed_rim_porcelain_ramekin_1,-0.18742227272030673,0.2058558429767903,0.8993413527679525
0,recorded_state,79,plate_1,0.08488065556322683,0.1945053734960873,0.9044091012868298
0,recorded_state,80,akita_black_bowl_1,0.10105179883349397,0.1856833701838446,0.908203012202118
0,recorded_state,80,akita_black_bowl_2,-0.18368890583545383,0.3334826476748709,0.8984041653006754
0,recorded_state,80,cookies_1,0.055076788379321354,0.016311002637774106,0.9093709548379013
0,recorded_state,80,glazed_rim_porcelain_ramekin_1,-0.18742227272030673,0.2058558429767903,0.8993413527679525
0,recorded_state,80,plate_1,0.08511667772479005,0.19475566285389026,0.9042596870092595
0,recorded_state,81,akita_black_bowl_1,0.0997954140768074,0.18710267294355465,0.9082432176008682
0,recorded_state,81,akita_black_bowl_2,-0.18368890583545383,0.3334826476748709,0.8984041653006754
0,recorded_state,81,cookies_1,0.055076788379321354,0.016311002637774106,0.9093709548379013
0,recorded_state,81,glazed_rim_porcelain_ramekin_1,-0.18742227272030673,0.2058558429767903,0.8993413527679525
0,recorded_state,81,plate_1,0.08470813411461767,0.19502106490817303,0.9043156065835009
0,recorded_state,82,akita_black_bowl_1,0.0971162125973217,0.18880976449621747,0.9078863837521598
0,recorded_state,82,akita_black_bowl_2,-0.18368890583545383,0.3334826476748709,0.8984041653006754
0,recorded_state,82,cookies_1,0.055076788379321354,0.016311002637774106,0.9093709548379013
0,recorded_state,82,glazed_rim_porcelain_ramekin_1,-0.18742227272030673,0.2058558429767903,0.8993413527679525
0,recorded_state,82,plate_1,0.08411709622530811,0.19513180016533452,0.9036108605062916
0,recorded_state,83,akita_black_bowl_1,0.0931346449339717,0.19087559177964172,0.9068901803518952
0,recorded_state,83,akita_black_bowl_2,-0.18368890583545383,0.3334826476748709,0.8984041653006754
0,recorded_state,83,cookies_1,0.055076788379321354,0.016311002637774106,0.9093709548379013
0,recorded_state,83,glazed_rim_porcelain_ramekin_1,-0.18742227272030673,0.2058558429767903,0.8993413527679525
0,recorded_state,83,plate_1,0.08404511926427341,0.19525070954669282,0.9027032557209665
0,recorded_state,84,akita_black_bowl_1,0.08910909455999508,0.19293498140192494,0.9061455606178787
0,recorded_state,84,akita_black_bowl_2,-0.18368890583545383,0.3334826476748709,0.8984041653006754
0,recorded_state,84,cookies_1,0.055076788379321354,0.016311002637774106,0.9093709548379013
0,recorded_state,84,glazed_rim_porcelain_ramekin_1,-0.18742227272030673,0.2058558429767903,0.8993413527679525
0,recorded_state,84,plate_1,0.0837703343851587,0.19534917496002582,0.9023806899988429
0,recorded_state,85,akita_black_bowl_1,0.0866505912262807,0.19374157661236216,0.9063662903320634
0,recorded_state,85,akita_black_bowl_2,-0.18368890583545383,0.3334826476748709,0.8984041653006754
0,recorded_state,85,cookies_1,0.055076788379321354,0.016311002637774106,0.9093709548379013
0,recorded_state,85,glazed_rim_porcelain_ramekin_1,-0.18742227272030673,0.2058558429767903,0.8993413527679525
0,recorded_state,85,plate_1,0.08349961950227967,0.19559774381852968,0.9024013063589352
0,recorded_state,86,akita_black_bowl_1,0.08454700733733451,0.1944166477911692,0.9066723599189525
0,recorded_state,86,akita_black_bowl_2,-0.18368890583545383,0.3334826476748709,0.8984041653006754
0,recorded_state,86,cookies_1,0.055076788379321354,0.016311002637774106,0.9093709548379013
0,recorded_state,86,glazed_rim_porcelain_ramekin_1,-0.18742227272030673,0.2058558429767903,0.8993413527679525
0,recorded_state,86,plate_1,0.08346438234781993,0.1956343435875461,0.9024351564621191
0,recorded_state,87,akita_black_bowl_1,0.08247007107876086,0.19477867607078655,0.9069022857148614
0,recorded_state,87,akita_black_bowl_2,-0.18368890583545383,0.3334826476748709,0.8984041653006754
0,recorded_state,87,cookies_1,0.055076788379321354,0.016311002637774106,0.9093709548379013
0,recorded_state,87,glazed_rim_porcelain_ramekin_1,-0.18742227272030673,0.2058558429767903,0.8993413527679525
0,recorded_state,87,plate_1,0.08346778209847228,0.1956288381980447,0.9024648263582508
0,recorded_state,88,akita_black_bowl_1,0.08227491290604298,0.194690332657028,0.9062347226242375
0,recorded_state,88,akita_black_bowl_2,-0.18368890583545383,0.3334826476748709,0.8984041653006754
0,recorded_state,88,cookies_1,0.055076788379321354,0.016311002637774106,0.9093709548379013
0,recorded_state,88,glazed_rim_porcelain_ramekin_1,-0.18742227272030673,0.2058558429767903,0.8993413527679525
0,recorded_state,88,plate_1,0.08346940410826935,0.1956264403319508,0.902476782075042
0,recorded_state,89,akita_black_bowl_1,0.08228017746497085,0.19468635814892343,0.9062170980583734
0,recorded_state,89,akita_black_bowl_2,-0.18368890583545383,0.3334826476748709,0.8984041653006754
0,recorded_state,89,cookies_1,0.055076788379321354,0.016311002637774106,0.9093709548379013
0,recorded_state,89,glazed_rim_porcelain_ramekin_1,-0.18742227272030673,0.2058558429767903,0.8993413527679525
0,recorded_state,89,plate_1,0.08346974052367254,0.1956257653877568,0.9024808827476914
0,recorded_state,90,akita_black_bowl_1,0.08228044906986898,0.1946858681083126,0.9062188551907822
0,recorded_state,90,akita_black_bowl_2,-0.18368890583545383,0.3334826476748709,0.8984041653006754
0,recorded_state,90,cookies_1,0.055076788379321354,0.016311002637774106,0.9093709548379013
0,recorded_state,90,glazed_rim_porcelain_ramekin_1,-0.18742227272030673,0.2058558429767903,0.8993413527679525
0,recorded_state,90,plate_1,0.08346985617237239,0.19562556543933196,0.9024820532653524
0,recorded_state,91,akita_black_bowl_1,0.08228052651938333,0.19468573317316312,0.9062191886998191
0,recorded_state,91,akita_black_bowl_2,-0.18368890583545383,0.3334826476748709,0.8984041653006754
0,recorded_state,91,cookies_1,0.055076788379321354,0.016311002637774106,0.9093709548379013
0,recorded_state,91,glazed_rim_porcelain_ramekin_1,-0.18742227272030673,0.2058558429767903,0.8993413527679525
0,recorded_state,91,plate_1,0.08346988733423086,0.19562551160309516,0.9024823707870853
0,recorded_state,92,akita_black_bowl_1,0.08228054758558671,0.19468569646479372,0.9062192743400954
0,recorded_state,92,akita_black_bowl_2,-0.18368890583545383,0.3334826476748709,0.8984041653006754
0,recorded_state,92,cookies_1,0.055076788379321354,0.016311002637774106,0.9093709548379013
0,recorded_state,92,glazed_rim_porcelain_ramekin_1,-0.18742227272030673,0.2058558429767903,0.8993413527679525
0,recorded_state,92,plate_1,0.083469895748941,0.1956254970783494,0.9024824571721756
0,recorded_state,93,akita_black_bowl_1,0.08228055328521215,0.19468568634494837,0.9062192974663057
0,recorded_state,93,akita_black_bowl_2,-0.18368890583545383,0.3334826476748709,0.8984041653006754
0,recorded_state,93,cookies_1,0.055076788379321354,0.016311002637774106,0.9093709548379013
0,recorded_state,93,glazed_rim_porcelain_ramekin_1,-0.18742227272030673,0.2058558429767903,0.8993413527679525
0,recorded_state,93,plate_1,0.08346989802175613,0.19562549315868072,0.9024824806835123
0,recorded_state,94,akita_black_bowl_1,0.08228055482943826,0.1946856834032143,0.9062193037502692
0,recorded_state,94,akita_black_bowl_2,-0.18368890583545383,0.3334826476748709,0.8984041653006754
0,recorded_state,94,cookies_1,0.055076788379321354,0.016311002637774106,0.9093709548379013
0,recorded_state,94,glazed_rim_porcelain_ramekin_1,-0.18742227272030673,0.2058558429767903,0.8993413527679525
0,recorded_state,94,plate_1,0.08346989863566329,0.19562549210087837,0.9024824870829102
0,recorded_state,95,akita_black_bowl_1,0.08228055525108932,0.19468568239871759,0.9062193054554099
0,recorded_state,95,akita_black_bowl_2,-0.18368890583545383,0.3334826476748709,0.8984041653006754
0,recorded_state,95,cookies_1,0.055076788379321354,0.016311002637774106,0.9093709548379013
0,recorded_state,95,glazed_rim_porcelain_ramekin_1,-0.18742227272030673,0.2058558429767903,0.8993413527679525
0,recorded_state,95,plate_1,0.08346989880148666,0.1956254918154011,0.9024824888247367
0,recorded_state,96,akita_black_bowl_1,0.08228055536951666,0.1946856819170225,0.9062193059142506
0,recorded_state,96,akita_black_bowl_2,-0.18368890583545383,0.3334826476748709,0.8984041653006754
0,recorded_state,96,cookies_1,0.055076788379321354,0.016311002637774106,0.9093709548379013
0,recorded_state,96,glazed_rim_porcelain_ramekin_1,-0.18742227272030673,0.2058558429767903,0.8993413527679525
0,recorded_state,96,plate_1,0.08346989884627841,0.19562549173834973,0.902482489298845
0,recorded_state,97,akita_black_bowl_1,0.08228055540604004,0.19468568157641467,0.9062193060338127
0,recorded_state,97,akita_black_bowl_2,-0.18368890583545383,0.3334826476748709,0.8984041653006754
0,recorded_state,97,cookies_1,0.055076788379321354,0.016311002637774106,0.9093709548379013
0,recorded_state,97,glazed_rim_porcelain_ramekin_1,-0.18742227272030673,0.2058558429767903,0.8993413527679525
0,recorded_state,97,plate_1,0.08346989885837833,0.19562549171754579,0.9024824894279011
0,settling_step,0,akita_black_bowl_1,-0.0508518704165359,0.20632919230309657,0.8982497088884221
0,settling_step,0,akita_black_bowl_2,-0.18368891273205193,0.3334826502030125,0.8981585151399347
0,settling_step,0,cookies_1,0.05507679066941424,0.016311004296964728,0.9092097974085793
0,settling_step,0,glazed_rim_porcelain_ramekin_1,-0.1874222727543386,0.2058558447026561,0.8991595343682753
0,settling_step,0,plate_1,0.08441362086504602,0.19687207103884172,0.9024714419263586
0,settling_step,1,akita_black_bowl_1,-0.05085598172795322,0.20632802628499117,0.898397158342044
0,settling_step,1,akita_black_bowl_2,-0.18368891185760577,0.33348263788861243,0.8983914593677513
0,settling_step,1,cookies_1,0.05507682484492622,0.01631102138789944,0.9093744928811432
0,settling_step,1,glazed_rim_porcelain_ramekin_1,-0.18742227225419006,0.20585584720855601,0.8993315111198379
0,settling_step,1,plate_1,0.08441178872873951,0.19687287706859607,0.902504108914142
0,settling_step,2,akita_black_bowl_1,-0.05085634153821886,0.2063279240747113,0.898406634078196
0,settling_step,2,akita_black_bowl_2,-0.18368891118031577,0.3334826351336341,0.8984063804761764
0,settling_step,2,cookies_1,0.05507682686514062,0.016311022226798026,0.9093850004571417
0,settling_step,2,glazed_rim_porcelain_ramekin_1,-0.1874222721686183,0.20585584775988328,0.8993425633724554
0,settling_step,2,plate_1,0.08441168651948787,0.196872920540735,0.9025062414842625
0,settling_step,3,akita_black_bowl_1,-0.050856351468688804,0.20632792109907666,0.8984070554928578
0,settling_step,3,akita_black_bowl_2,-0.18368891108061827,0.33348263495496844,0.8984070442114566
0,settling_step,3,cookies_1,0.05507682692045216,0.016311022236864675,0.9093854567120848
0,settling_step,3,glazed_rim_porcelain_ramekin_1,-0.18742227216597349,0.20585584777790622,0.8993430562886772
0,settling_step,3,plate_1,0.08441168262183979,0.19687292216740684,0.9025063343007215
0,settling_step,4,akita_black_bowl_1,-0.05085635172802978,0.2063279210150669,0.8984070742264992
0,settling_step,4,akita_black_bowl_2,-0.18368891107433963,0.3334826349456092,0.8984070737247113
0,settling_step,4,cookies_1,0.05507682692193073,0.01631102223690985,0.9093854765196471
0,settling_step,4,glazed_rim_porcelain_ramekin_1,-0.18742227216589585,0.205855847778474,0.8993430782619329
0,settling_step,4,plate_1,0.08441168247343321,0.1968729222282454,0.9025063383448366
0,settling_step,5,akita_black_bowl_1,-0.050856351734737085,0.20632792101265354,0.8984070750593344
0,settling_step,5,akita_black_bowl_2,-0.18368891107401228,0.33348263494515457,0.8984070750370174
0,settling_step,5,cookies_1,0.05507682692197022,0.016311022236909247,0.9093854773795804
0,settling_step,5,glazed_rim_porcelain_ramekin_1,-0.1874222721658937,0.2058558477784916,0.8993430792414647
0,settling_step,5,plate_1,0.08441168246778168,0.19687292223052413,0.9025063385213464
0,settling_step,6,akita_black_bowl_1,-0.050856351734908545,0.20632792101258224,0.8984070750963613
0,settling_step,6,akita_black_bowl_2,-0.18368891107399643,0.33348263494513347,0.8984070750953685
0,settling_step,6,cookies_1,0.055076826921971286,0.01631102223690924,0.9093854774169137
0,settling_step,6,glazed_rim_porcelain_ramekin_1,-0.1874222721658937,0.20585584777849208,0.8993430792851307
0,settling_step,6,plate_1,0.08441168246756642,0.19687292223060965,0.9025063385290623
0,settling_step,7,akita_black_bowl_1,-0.050856351734912826,0.20632792101258002,0.8984070750980073
0,settling_step,7,akita_black_bowl_2,-0.1836889110739957,0.33348263494513264,0.8984070750979631
0,settling_step,7,cookies_1,0.05507682692197129,0.01631102223690924,0.9093854774185346
0,settling_step,7,glazed_rim_porcelain_ramekin_1,-0.1874222721658937,0.20585584777849208,0.8993430792870772
0,settling_step,7,plate_1,0.08441168246755823,0.1968729222306129,0.9025063385293999
0,settling_step,8,akita_black_bowl_1,-0.050856351734912916,0.20632792101258002,0.8984070750980806
0,settling_step,8,akita_black_bowl_2,-0.1836889110739957,0.33348263494513264,0.8984070750980784
0,settling_step,8,cookies_1,0.05507682692197129,0.01631102223690924,0.9093854774186048
0,settling_step,8,glazed_rim_porcelain_ramekin_1,-0.1874222721658937,0.20585584777849208,0.8993430792871641
0,settling_step,8,plate_1,0.08441168246755794,0.19687292223061292,0.9025063385294146
0,settling_step,9,akita_black_bowl_1,-0.050856351734912916,0.20632792101258002,0.8984070750980836
0,settling_step,9,akita_black_bowl_2,-0.1836889110739957,0.33348263494513264,0.8984070750980836
0,settling_step,9,cookies_1,0.05507682692197129,0.01631102223690924,0.9093854774186078
0,settling_step,9,glazed_rim_porcelain_ramekin_1,-0.1874222721658937,0.20585584777849208,0.8993430792871678
0,settling_step,9,plate_1,0.08441168246755794,0.19687292223061292,0.902506338529415
0,settling_step,10,akita_black_bowl_1,-0.050856351734912916,0.20632792101258002,0.8984070750980836
0,settling_step,10,akita_black_bowl_2,-0.1836889110739957,0.33348263494513264,0.8984070750980836
0,settling_step,10,cookies_1,0.05507682692197129,0.01631102223690924,0.9093854774186078
0,settling_step,10,glazed_rim_porcelain_ramekin_1,-0.1874222721658937,0.20585584777849208,0.8993430792871678
0,settling_step,10,plate_1,0.08441168246755794,0.19687292223061292,0.902506338529415
1,recorded_state,0,akita_black_bowl_1,-0.2174529565331339,0.20066078258248993,0.9530954330504452
1,recorded_state,0,akita_black_bowl_2,0.056743217135020216,0.016761333553431096,0.9169196589889572
1,recorded_state,0,cookies_1,0.05674377818872586,0.016776968276795822,0.9091425019454634
1,recorded_state,0,glazed_rim_porcelain_ramekin_1,-0.2061899805744845,0.2027554007263493,0.8991970641687556
1,recorded_state,0,plate_1,0.06942298948931576,0.21428822618266194,0.9023145976636144
1,recorded_state,1,akita_black_bowl_1,-0.22036354028007327,0.2024382529708463,0.9431542962753786
1,recorded_state,1,akita_black_bowl_2,0.05674319203007021,0.01676113832020641,0.9170835097180682
1,recorded_state,1,cookies_1,0.0567437643201757,0.01677686076343044,0.9092747562459982
1,recorded_state,1,glazed_rim_porcelain_ramekin_1,-0.20619172915833534,0.20275207353099234,0.900006160019575
1,recorded_state,1,plate_1,0.0694229981960941,0.2142882363081541,0.9024492662837474
1,recorded_state,2,akita_black_bowl_1,-0.22125741814853192,0.20239375295486137,0.9341543296737612
1,recorded_state,2,akita_black_bowl_2,0.0567431855634615,0.01676109616969364,0.9171199457887304
1,recorded_state,2,cookies_1,0.0567437607886377,0.0167768378075909,0.9093100700525519
1,recorded_state,2,glazed_rim_porcelain_ramekin_1,-0.20633321104281555,0.20304150490076714,0.899273083254781
1,recorded_state,2,plate_1,0.06942300092313522,0.21428823993627352,0.9024859397223486
1,recorded_state,3,akita_black_bowl_1,-0.22121643845073657,0.2028218860940015,0.9341995739923493
1,recorded_state,3,akita_black_bowl_2,0.05674318385529081,0.01676108677420579,0.917129487938487
1,recorded_state,3,cookies_1,0.056743759856827135,0.016776832697324644,0.9093195724117865
1,recorded_state,3,glazed_rim_porcelain_ramekin_1,-0.20633349432636827,0.20303211014829062,0.8993038642934073
1,recorded_state,3,plate_1,0.06942300173284675,0.2142882410958827,0.9024959371277931
1,recorded_state,4,akita_black_bowl_1,-0.22121881571501675,0.2028549900438801,0.9342324729395254
1,recorded_state,4,akita_black_bowl_2,0.05674318340207919,0.01676108471299342,0.9171320501166353
1,recorded_state,4,cookies_1,0.05674375960961522,0.016776831576257607,0.9093221331979311
1,recorded_state,4,glazed_rim_porcelain_ramekin_1,-0.20633360038940735,0.20303109403884678,0.8993277022654539
1,recorded_state,4,plate_1,0.06942300196919082,0.21428824145302616,0.9024986630376887
1,recorded_state,5,akita_black_bowl_1,-0.2212181412070515,0.2028630680828302,0.9342399514061496
1,recorded_state,5,akita_black_bowl_2,0.05674318328172949,0.016761084278037023,0.9171327404955312
1,recorded_state,5,cookies_1,0.056743759543967265,0.016776831339522916,0.9093228235331301
1,recorded_state,5,glazed_rim_porcelain_ramekin_1,-0.20633361710451364,0.20303089894098583,0.8993347828636203
1,recorded_state,5,plate_1,0.06942300203766728,0.21428824156109305,0.9024994063259789
1,recorded_state,6,akita_black_bowl_1,-0.22121796295988386,0.2028652304321255,0.9342419994850795
1,recorded_state,6,akita_black_bowl_2,0.056743183249762325,0.016761084192318906,0.9171329266107091
1,recorded_state,6,cookies_1,0.05674375952653003,0.016776831292677163,0.9093230096482853
1,recorded_state,6,glazed_rim_porcelain_ramekin_1,-0.2063336215788358,0.20303084658471746,0.8993367157958518
1,recorded_state,6,plate_1,0.06942300205741682,0.21428824159342041,0.9024996090050014
1,recorded_state,7,akita_black_bowl_1,-0.22121791760033488,0.2028658024239353,0.9342425623981642
1,recorded_state,7,akita_black_bowl_2,0.05674318324126948,0.016761084177664535,0.9171329767881947
1,recorded_state,7,cookies_1,0.056743759521897856,0.016776831284463844,0.9093230598261768
1,recorded_state,7,glazed_rim_porcelain_ramekin_1,-0.2063336227791648,0.2030308324990999,0.8993372434727295
1,recorded_state,7,plate_1,0.06942300206309278,0.214288241603007,0.9024996642714896
1,recorded_state,8,akita_black_bowl_1,-0.22121790745621533,0.20286594778975145,0.9342427178840611
1,recorded_state,8,akita_black_bowl_2,0.05674318323901225,0.016761084176164686,0.9171329903164415
1,recorded_state,8,cookies_1,0.056743759520667195,0.016776831283399397,0.9093230733545461
1,recorded_state,8,glazed_rim_porcelain_ramekin_1,-0.20633362310136702,0.2030308287073982,0.8993373875249164
1,recorded_state,8,plate_1,0.0694230020647191,0.21428824160582965,0.9024996793415632
1,recorded_state,9,akita_black_bowl_1,-0.2212179064635534,0.20286597920602112,0.9342427608486857
1,recorded_state,9,akita_black_bowl_2,0.05674318323841161,0.01676108417664826,0.9171329939637727
1,recorded_state,9,cookies_1,0.05674375952034023,0.016776831283411963,0.9093230770019102
1,recorded_state,9,glazed_rim_porcelain_ramekin_1,-0.2063336231878679,0.20303082768655395,0.899337426849954
1,recorded_state,9,plate_1,0.06942300206518383,0.21428824160665572,0.902499683450874
1,recorded_state,10,akita_black_bowl_1,-0.22121790774906894,0.20286598046842524,0.9342427723192609
1,recorded_state,10,akita_black_bowl_2,0.05674318323825109,0.01676108417725955,0.917132994947125
1,recorded_state,10,cookies_1,0.056743759520253345,0.016776831283493474,0.9093230779852715
1,recorded_state,10,glazed_rim_porcelain_ramekin_1,-0.20633362321109103,0.20303082741170453,0.8993374375852741
1,recorded_state,10,plate_1,0.06942300206531635,0.21428824160689627,0.9024996845714018
1,recorded_state,11,akita_black_bowl_1,-0.22121790954329046,0.20286597391318947,0.9342427747403002
1,recorded_state,11,akita_black_bowl_2,0.05674318323820752,0.016761084177799285,0.9171329952122453
1,recorded_state,11,cookies_1,0.056743759520230266,0.016776831283535916,0.9093230782503943
1,recorded_state,11,glazed_rim_porcelain_ramekin_1,-0.20633362321732557,0.20303082733771038,0.8993374405158836
1,recorded_state,11,plate_1,0.06942300206535404,0.2142882416069659,0.9024996848769475
1,recorded_state,12,akita_black_bowl_1,-0.22121791141517183,0.20286596542520044,0.9342427744306917
1,recorded_state,12,akita_black_bowl_2,0.05674318323819501,0.016761084178292127,0.9171329952837243
1,recorded_state,12,cookies_1,0.056743759520224125,0.016776831283552795,0.9093230783218736
1,recorded_state,12,glazed_rim_porcelain_ramekin_1,-0.206333623218999,0.20303082731779673,0.8993374413159101
1,recorded_state,12,plate_1,0.0694230020653647,0.21428824160698606,0.9024996849602641
1,recorded_state,13,akita_black_bowl_1,-0.22121791327423015,0.2028659565151682,0.9342427732264688
1,recorded_state,13,akita_black_bowl_2,0.05674318323819077,0.016761084178765137,0.9171329953029957
1,recorded_state,13,cookies_1,0.056743759520222495,0.01677683128355888,0.9093230783411452
1,recorded_state,13,glazed_rim_porcelain_ramekin_1,-0.20633362321944793,0.2030308273124447,0.8993374415343262
1,recorded_state,13,plate_1,0.06942300206536774,0.2142882416069919,0.9024996849829828
1,recorded_state,14,akita_black_bowl_1,-0.22121791511060762,0.2028659475476901,0.9342427716926659
1,recorded_state,14,akita_black_bowl_2,0.056743183238188735,0.01676108417923093,0.9171329953081914
1,recorded_state,14,cookies_1,0.056743759520222065,0.016776831283561038,0.909323078346341
1,recorded_state,14,glazed_rim_porcelain_ramekin_1,-0.206333623219568,0.20303082731101363,0.8993374415939782
1,recorded_state,14,plate_1,0.06942300206536858,0.21428824160699356,0.902499684989178
1,recorded_state,15,akita_black_bowl_1,-0.2212179169299059,0.20286593859684687,0.9342427700200899
1,recorded_state,15,akita_black_bowl_2,0.05674318323818728,0.01676108417969429,0.9171329953095918
1,recorded_state,15,cookies_1,0.056743759520221954,0.016776831283561874,0.9093230783477415
1,recorded_state,15,glazed_rim_porcelain_ramekin_1,-0.20633362321959983,0.20303082731063846,0.8993374416102952
1,recorded_state,15,plate_1,0.06942300206536883,0.21428824160699406,0.9024996849908674
1,recorded_state,16,akita_black_bowl_1,-0.22121791873834118,0.20286592966882333,0.9342427682817421
1,recorded_state,16,akita_black_bowl_2,0.05674318323818597,0.01676108418015686,0.9171329953099696
1,recorded_state,16,cookies_1,0.056743759520221954,0.016776831283562284,0.9093230783481192
1,recorded_state,16,glazed_rim_porcelain_ramekin_1,-0.20633362321960794,0.20303082731054758,0.8993374416147845
1,recorded_state,16,plate_1,0.06942300206536883,0.21428824160699406,0.9024996849913278
1,recorded_state,17,akita_black_bowl_1,-0.22121792054027462,0.202865920757423,0.9342427665095057
1,recorded_state,17,akita_black_bowl_2,0.05674318323818475,0.01676108418061919,0.9171329953100713
1,recorded_state,17,cookies_1,0.056743759520221954,0.01677683128356255,0.909323078348221
1,recorded_state,17,glazed_rim_porcelain_ramekin_1,-0.20633362321960966,0.20303082731053337,0.8993374416160471
1,recorded_state,17,plate_1,0.06942300206536883,0.21428824160699406,0.9024996849914534
1,recorded_state,18,akita_black_bowl_1,-0.22121792233841528,0.20286591185648564,0.9342427647189155
1,recorded_state,18,akita_black_bowl_2,0.05674318323818354,0.016761084181081437,0.9171329953100988
1,recorded_state,18,cookies_1,0.056743759520221954,0.01677683128356281,0.9093230783482485
1,recorded_state,18,glazed_rim_porcelain_ramekin_1,-0.20633362321960977,0.2030308273105399,0.8993374416164294
1,recorded_state,18,plate_1,0.06942300206536883,0.21428824160699406,0.9024996849914875
1,recorded_state,19,akita_black_bowl_1,-0.2212179241343692,0.20286590296178653,0.934242762918117
1,recorded_state,19,akita_black_bowl_2,0.056743183238182324,0.016761084181543654,0.9171329953101063
1,recorded_state,19,cookies_1,0.056743759520221954,0.01677683128356306,0.909323078348256
1,recorded_state,19,glazed_rim_porcelain_ramekin_1,-0.20633362321960919,0.20303082731055197,0.8993374416165718
1,recorded_state,19,plate_1,0.06942300206536883,0.21428824160699406,0.9024996849914969
1,recorded_state,20,akita_black_bowl_1,-0.22121792592906966,0.2028658940707221,0.9342427611115638
1,recorded_state,20,akita_black_bowl_2,0.05674318323818111,0.01676108418200587,0.9171329953101082
1,recorded_state,20,cookies_1,0.056743759520221954,0.016776831283563266,0.9093230783482578
1,recorded_state,20,glazed_rim_porcelain_ramekin_1,-0.2063336232196085,0.20303082731056557,0.8993374416166494
1,recorded_state,20,plate_1,0.06942300206536883,0.21428824160699406,0.9024996849914994
1,recorded_state,21,akita_black_bowl_1,-0.22121792772305382,0.20286588518175386,0.9342427593017456
1,recorded_state,21,akita_black_bowl_2,0.056743183238179895,0.016761084182468088,0.9171329953101082
1,recorded_state,21,cookies_1,0.056743759520221954,0.016776831283563446,0.9093230783482578
1,recorded_state,21,glazed_rim_porcelain_ramekin_1,-0.2063336232196078,0.20303082731057945,0.899337441616709
1,recorded_state,21,plate_1,0.06942300206536883,0.21428824160699406,0.9024996849914994
1,recorded_state,22,akita_black_bowl_1,-0.2212179295166299,0.20286587629398903,0.9342427574900704
1,recorded_state,22,akita_black_bowl_2,0.05674318323817868,0.016761084182930305,0.9171329953101082
1,recorded_state,22,cookies_1,0.056743759520221954,0.016776831283563626,0.9093230783482578
1,recorded_state,22,glazed_rim_porcelain_ramekin_1,-0.2063336232196071,0.20303082731059333,0.8993374416167642
1,recorded_state,22,plate_1,0.06942300206536883,0.21428824160699406,0.9024996849914994
1,recorded_state,23,akita_black_bowl_1,-0.22121793130997433,0.2028658674069137,0.9342427556773382
1,recorded_state,23,akita_black_bowl_2,0.056743183238177466,0.016761084183392522,0.9171329953101082
1,recorded_state,23,cookies_1,0.056743759520221954,0.0167768312835638,0.9093230783482578
1,recorded_state,23,glazed_rim_porcelain_ramekin_1,-0.2063336232196064,0.2030308273106072,0.8993374416168175
1,recorded_state,23,plate_1,0.06942300206536883,0.21428824160699406,0.9024996849914994
1,recorded_state,24,akita_black_bowl_1,-0.22121793310318785,0.20286585852023342,0.9342427538640056
1,recorded_state,24,akita_black_bowl_2,0.05674318323817625,0.01676108418385474,0.9171329953101082
1,recorded_state,24,cookies_1,0.056743759520221954,0.016776831283563973,0.9093230783482578
1,recorded_state,24,glazed_rim_porcelain_ramekin_1,-0.20633362321960572,0.20303082731062108,0.8993374416168709
1,recorded_state,24,plate_1,0.06942300206536883,0.21428824160699406,0.9024996849914994
1,recorded_state,25,akita_black_bowl_1,-0.22121793489632796,0.2028658496337797,0.9342427520503322
1,recorded_state,25,akita_black_bowl_2,0.05674318323817504,0.016761084184316957,0.9171329953101082
1,recorded_state,25,cookies_1,0.056743759520221954,0.016776831283564147,0.9093230783482578
1,recorded_state,25,glazed_rim_porcelain_ramekin_1,-0.20633362321960502,0.20303082731063496,0.8993374416169244
1,recorded_state,25,plate_1,0.06942300206536883,0.21428824160699406,0.9024996849914994
1,recorded_state,26,akita_black_bowl_1,-0.22121793668942774,0.20286584074745614,0.9342427502364673
1,recorded_state,26,akita_black_bowl_2,0.056743183238173824,0.016761084184779174,0.9171329953101082
1,recorded_state,26,cookies_1,0.056743759520221954,0.01677683128356432,0.9093230783482578
1,recorded_state,26,glazed_rim_porcelain_ramekin_1,-0.20633362321960433,0.20303082731064884,0.8993374416169778
1,recorded_state,26,plate_1,0.06942300206536883,0.21428824160699406,0.9024996849914994
1,recorded_state,27,akita_black_bowl_1,-0.22121793848250593,0.2028658318612076,0.9342427484224952
1,recorded_state,27,akita_black_bowl_2,0.05674318323817261,0.01676108418524139,0.9171329953101082
1,recorded_state,27,cookies_1,0.056743759520221954,0.016776831283564494,0.9093230783482578
1,recorded_state,27,glazed_rim_porcelain_ramekin_1,-0.20633362321960363,0.20303082731066271,0.8993374416170312
1,recorded_state,27,plate_1,0.06942300206536883,0.21428824160699406,0.9024996849914994
1,recorded_state,28,akita_black_bowl_1,-0.22121794027557332,0.2028658229750027,0.9342427466084647
1,recorded_state,28,akita_black_bowl_2,0.056743183238171395,0.016761084185703608,0.9171329953101082
1,recorded_state,28,cookies_1,0.056743759520221954,0.016776831283564667,0.9093230783482578
1,recorded_state,28,glazed_rim_porcelain_ramekin_1,-0.20633362321960294,0.2030308273106766,0.8993374416170846
1,recorded_state,28,plate_1,0.06942300206536883,0.21428824160699406,0.9024996849914994
1,recorded_state,29,akita_black_bowl_1,-0.22121794206863607,0.20286581408882348,0.9342427447944035
1,recorded_state,29,akita_black_bowl_2,0.05674318323817018,0.016761084186165825,0.9171329953101082
1,recorded_state,29,cookies_1,0.056743759520221954,0.01677683128356484,0.9093230783482578
1,recorded_state,29,glazed_rim_porcelain_ramekin_1,-0.20633362321960225,0.20303082731069047,0.8993374416171381
1,recorded_state,29,plate_1,0.06942300206536883,0.21428824160699406,0.9024996849914994
1,recorded_state,30,akita_black_bowl_1,-0.2212179438616976,0.2028658052026596,0.9342427429803274
1,recorded_state,30,akita_black_bowl_2,0.056743183238168966,0.016761084186628042,0.9171329953101082
1,recorded_state,30,cookies_1,0.056743759520221954,0.016776831283565014,0.9093230783482578
1,recorded_state,30,glazed_rim_porcelain_ramekin_1,-0.20633362321960155,0.20303082731070435,0.8993374416171915
1,recorded_state,30,plate_1,0.06942300206536883,0.21428824160699406,0.9024996849914994
1,recorded_state,31,akita_black_bowl_1,-0.22121794565476002,0.2028657963165052,0.9342427411662454
1,recorded_state,31,akita_black_bowl_2,0.05674318323816775,0.01676108418709026,0.9171329953101082
1,recorded_state,31,cookies_1,0.056743759520221954,0.016776831283565188,0.9093230783482578
1,recorded_state,31,glazed_rim_porcelain_ramekin_1,-0.20633362321960086,0.20303082731071823,0.899337441617245
1,recorded_state,31,plate_1,0.06942300206536883,0.21428824160699406,0.9024996849914994
1,recorded_state,32,akita_black_bowl_1,-0.22121794744782444,0.202865787430357,0.934242739352163
1,recorded_state,32,akita_black_bowl_2,0.05674318323816654,0.016761084187552476,0.9171329953101082
1,recorded_state,32,cookies_1,0.056743759520221954,0.01677683128356536,0.9093230783482578
1,recorded_state,32,glazed_rim_porcelain_ramekin_1,-0.20633362321960017,0.2030308273107321,0.8993374416172984
1,recorded_state,32,plate_1,0.06942300206536883,0.21428824160699406,0.9024996849914994
1,recorded_state,33,akita_black_bowl_1,-0.22121794924089147,0.20286577854421312,0.9342427375380822
1,recorded_state,33,akita_black_bowl_2,0.05674318323816532,0.016761084188014693,0.9171329953101082
1,recorded_state,33,cookies_1,0.056743759520221954,0.016776831283565535,0.9093230783482578
1,recorded_state,33,glazed_rim_porcelain_ramekin_1,-0.20633362321959947,0.20303082731074598,0.8993374416173519
1,recorded_state,33,plate_1,0.06942300206536883,0.21428824160699406,0.9024996849914994
1,recorded_state,34,akita_black_bowl_1,-0.22121795103396155,0.20286576965807238,0.9342427357240052
1,recorded_state,34,akita_black_bowl_2,0.05674318323816411,0.01676108418847691,0.9171329953101082
1,recorded_state,34,cookies_1,0.056743759520221954,0.016776831283565708,0.9093230783482578
1,recorded_state,34,glazed_rim_porcelain_ramekin_1,-0.20633362321959878,0.20303082731075986,0.8993374416174054
1,recorded_state,34,plate_1,0.06942300206536883,0.21428824160699406,0.9024996849914994
1,recorded_state,35,akita_black_bowl_1,-0.2212179528270349,0.20286576077193413,0.9342427339099331
1,recorded_state,35,akita_black_bowl_2,0.056743183238162895,0.016761084188939127,0.9171329953101082
1,recorded_state,35,cookies_1,0.056743759520221954,0.01677683128356588,0.9093230783482578
1,recorded_state,35,glazed_rim_porcelain_ramekin_1,-0.20633362321959808,0.20303082731077374,0.8993374416174588
1,recorded_state,35,plate_1,0.06942300206536883,0.21428824160699406,0.9024996849914994
1,recorded_state,36,akita_black_bowl_1,-0.22121795462011165,0.202865751885798,0.9342427320958665
1,recorded_state,36,akita_black_bowl_2,0.05674318323816168,0.016761084189401344,0.9171329953101082
1,recorded_state,36,cookies_1,0.056743759520221954,0.016776831283566055,0.9093230783482578
1,recorded_state,36,glazed_rim_porcelain_ramekin_1,-0.2063336232195974,0.20303082731078761,0.8993374416175123
1,recorded_state,36,plate_1,0.06942300206536883,0.21428824160699406,0.9024996849914994
1,recorded_state,37,akita_black_bowl_1,-0.22121795641319178,0.2028657429996638,0.9342427302818057
1,recorded_state,37,akita_black_bowl_2,0.056743183238160466,0.01676108418986356,0.9171329953101082
1,recorded_state,37,cookies_1,0.056743759520221954,0.01677683128356623,0.9093230783482578
1,recorded_state,37,glazed_rim_porcelain_ramekin_1,-0.2063336232195967,0.2030308273108015,0.8993374416175657
1,recorded_state,37,plate_1,0.06942300206536883,0.21428824160699406,0.9024996849914994
1,recorded_state,38,akita_black_bowl_1,-0.22121795820627538,0.2028657341135315,0.9342427284677508
1,recorded_state,38,akita_black_bowl_2,0.05674318323815925,0.01676108419032578,0.9171329953101082
1,recorded_state,38,cookies_1,0.056743759520221954,0.016776831283566402,0.9093230783482578
1,recorded_state,38,glazed_rim_porcelain_ramekin_1,-0.206333623219596,0.20303082731081537,0.8993374416176191
1,recorded_state,38,plate_1,0.06942300206536883,0.21428824160699406,0.9024996849914994
1,recorded_state,39,akita_black_bowl_1,-0.22136823697842575,0.20306645834795864,0.9339498692958002
1,recorded_state,39,akita_black_bowl_2,0.05674318323815804,0.016761084190787996,0.9171329953101082
1,recorded_state,39,cookies_1,0.056743759520221954,0.016776831283566575,0.9093230783482578
1,recorded_state,39,glazed_rim_porcelain_ramekin_1,-0.2063334398948223,0.20304582002264748,0.8991367119398366
1,recorded_state,39,plate_1,0.06942300206536883,0.21428824160699406,0.9024996849914994
1,recorded_state,40,akita_black_bowl_1,-0.22140056357481364,0.2033625087275277,0.9339569779335768
1,recorded_state,40,akita_black_bowl_2,0.05674318323815682,0.016761084191250213,0.9171329953101082
1,recorded_state,40,cookies_1,0.056743759520221954,0.01677683128356675,0.9093230783482578
1,recorded_state,40,glazed_rim_porcelain_ramekin_1,-0.20633360021926073,0.20307880462835134,0.8991587386681308
1,recorded_state,40,plate_1,0.06942300206536883,0.21428824160699406,0.9024996849914994
1,recorded_state,41,akita_black_bowl_1,-0.22098279971620488,0.20666081835625988,0.934691967992156
1,recorded_state,41,akita_black_bowl_2,0.05674318323815561,0.01676108419171243,0.9171329953101082
1,recorded_state,41,cookies_1,0.056743759520221954,0.016776831283566922,0.9093230783482578
1,recorded_state,41,glazed_rim_porcelain_ramekin_1,-0.20632413624302426,0.20657358174795912,0.8994825214521341
1,recorded_state,41,plate_1,0.06942300206536883,0.21428824160699406,0.9024996849914994
1,recorded_state,42,akita_black_bowl_1,-0.21743431318610787,0.22234392023585736,0.936766164143403
1,recorded_state,42,akita_black_bowl_2,0.056743183238154395,0.016761084192174647,0.9171329953101082
1,recorded_state,42,cookies_1,0.056743759520221954,0.016776831283567096,0.9093230783482578
1,recorded_state,42,glazed_rim_porcelain_ramekin_1,-0.2036698753751276,0.22324727528856153,0.8991379487455687
1,recorded_state,42,plate_1,0.06942300206536883,0.21428824160699406,0.9024996849914994
1,recorded_state,43,akita_black_bowl_1,-0.21609812149397115,0.23091391905234426,0.9342143050725461
1,recorded_state,43,akita_black_bowl_2,0.05674318323815318,0.016761084192636864,0.9171329953101082
1,recorded_state,43,cookies_1,0.056743759520221954,0.01677683128356727,0.9093230783482578
1,recorded_state,43,glazed_rim_porcelain_ramekin_1,-0.2033027329884856,0.2274489800505235,0.8994643138961894
1,recorded_state,43,plate_1,0.06942300206536883,0.21428824160699406,0.9024996849914994
1,recorded_state,44,akita_black_bowl_1,-0.21346648224269194,0.23848133639500785,0.9343617519705959
1,recorded_state,44,akita_black_bowl_2,0.056743183238151966,0.01676108419309908,0.9171329953101082
1,recorded_state,44,cookies_1,0.056743759520221954,0.016776831283567443,0.9093230783482578
1,recorded_state,44,glazed_rim_porcelain_ramekin_1,-0.2005348854256785,0.23471634046772274,0.8998331590248398
1,recorded_state,44,plate_1,0.06942300206536883,0.21428824160699406,0.9024996849914994
1,recorded_state,45,akita_black_bowl_1,-0.21194081410779742,0.2422409433153129,0.9343052410356094
1,recorded_state,45,akita_black_bowl_2,0.05674318323815075,0.016761084193561298,0.9171329953101082
1,recorded_state,45,cookies_1,0.056743759520221954,0.016776831283567616,0.9093230783482578
1,recorded_state,45,glazed_rim_porcelain_ramekin_1,-0.20030532260247208,0.23737511633826489,0.9010824295725053
1,recorded_state,45,plate_1,0.06942300206536883,0.21428824160699406,0.9024996849914994
1,recorded_state,46,akita_black_bowl_1,-0.2107388951213183,0.2449352049873224,0.9347400868704036
1,recorded_state,46,akita_black_bowl_2,0.05674318323814954,0.016761084194023515,0.9171329953101082
1,recorded_state,46,cookies_1,0.056743759520221954,0.01677683128356779,0.9093230783482578
1,recorded_state,46,glazed_rim_porcelain_ramekin_1,-0.19944815687135065,0.2387637275321686,0.9021219044295281
1,recorded_state,46,plate_1,0.06942300206536883,0.21428824160699406,0.9024996849914994
1,recorded_state,47,akita_black_bowl_1,-0.2099884698192825,0.24607638826064773,0.9355944018099477
1,recorded_state,47,akita_black_bowl_2,0.05674318323814832,0.016761084194485732,0.9171329953101082
1,recorded_state,47,cookies_1,0.056743759520221954,0.016776831283567963,0.9093230783482578
1,recorded_state,47,glazed_rim_porcelain_ramekin_1,-0.19833312612698276,0.2391795477699386,0.9032680204441516
1,recorded_state,47,plate_1,0.06942300206536883,0.21428824160699406,0.9024996849914994
1,recorded_state,48,akita_black_bowl_1,-0.20827894336835842,0.2474886733035842,0.9367866468836334
1,recorded_state,48,akita_black_bowl_2,0.05674318323814711,0.01676108419494795,0.9171329953101082
1,recorded_state,48,cookies_1,0.056743759520221954,0.016776831283568137,0.9093230783482578
1,recorded_state,48,glazed_rim_porcelain_ramekin_1,-0.19716547082726504,0.2401088255361956,0.9040221829774803
1,recorded_state,48,plate_1,0.06942300206536883,0.21428824160699406,0.9024996849914994
1,recorded_state,49,akita_black_bowl_1,-0.20512257267849818,0.24872814387295566,0.9382934068692337
1,recorded_state,49,akita_black_bowl_2,0.056743183238145894,0.016761084195410166,0.9171329953101082
1,recorded_state,49,cookies_1,0.056743759520221954,0.01677683128356831,0.9093230783482578
1,recorded_state,49,glazed_rim_porcelain_ramekin_1,-0.19772380038126786,0.2409437835302271,0.9044869373698113
1,recorded_state,49,plate_1,0.06942300206536883,0.21428824160699406,0.9024996849914994
1,recorded_state,50,akita_black_bowl_1,-0.20036501564987674,0.24957729755029506,0.9404778464056983
1,recorded_state,50,akita_black_bowl_2,0.05674318323814468,0.016761084195872383,0.9171329953101082
1,recorded_state,50,cookies_1,0.056743759520221954,0.016776831283568484,0.9093230783482578
1,recorded_state,50,glazed_rim_porcelain_ramekin_1,-0.20046665646641876,0.24339444587247364,0.9034780899658206
1,recorded_state,50,plate_1,0.06942300206536883,0.21428824160699406,0.9024996849914994
1,recorded_state,51,akita_black_bowl_1,-0.1957621211976159,0.250079971905274,0.9433483761237051
1,recorded_state,51,akita_black_bowl_2,0.056743183238143466,0.0167610841963346,0.9171329953101082
1,recorded_state,51,cookies_1,0.056743759520221954,0.016776831283568664,0.9093230783482578
1,recorded_state,51,glazed_rim_porcelain_ramekin_1,-0.20242451834965441,0.24755434212550892,0.900840589145666
1,recorded_state,51,plate_1,0.06942300206536883,0.21428824160699406,0.9024996849914994
1,recorded_state,52,akita_black_bowl_1,-0.19371813532124027,0.25135106186953504,0.9471497198563679
1,recorded_state,52,akita_black_bowl_2,0.05674318323814225,0.016761084196796817,0.9171329953101082
1,recorded_state,52,cookies_1,0.056743759520221954,0.016776831283568844,0.9093230783482578
1,recorded_state,52,glazed_rim_porcelain_ramekin_1,-0.20253530017880517,0.24843773715860668,0.8990321618850164
1,recorded_state,52,plate_1,0.06942300206536883,0.21428824160699406,0.9024996849914994
1,recorded_state,53,akita_black_bowl_1,-0.19229228746171764,0.25183159621350537,0.9507322611948799
1,recorded_state,53,akita_black_bowl_2,0.05674318323814104,0.016761084197259035,0.9171329953101082
1,recorded_state,53,cookies_1,0.056743759520221954,0.016776831283569025,0.9093230783482578
1,recorded_state,53,glazed_rim_porcelain_ramekin_1,-0.2025412928190564,0.24843686151870117,0.8992568099129583
1,recorded_state,53,plate_1,0.06942300206536883,0.21428824160699406,0.9024996849914994
1,recorded_state,54,akita_black_bowl_1,-0.19202819693404338,0.2512037499815582,0.9543142673309614
1,recorded_state,54,akita_black_bowl_2,0.05674318323813982,0.01676108419772125,0.9171329953101082
1,recorded_state,54,cookies_1,0.056743759520221954,0.016776831283569202,0.9093230783482578
1,recorded_state,54,glazed_rim_porcelain_ramekin_1,-0.20254273945066817,0.2484366492496498,0.8993182232667871
1,recorded_state,54,plate_1,0.06942300206536883,0.21428824160699406,0.9024996849914994
1,recorded_state,55,akita_black_bowl_1,-0.1927147826506944,0.24994630276164428,0.9584634212223401
1,recorded_state,55,akita_black_bowl_2,0.05674318323813861,0.01676108419818347,0.9171329953101082
1,recorded_state,55,cookies_1,0.056743759520221954,0.016776831283569382,0.9093230783482578
1,recorded_state,55,glazed_rim_porcelain_ramekin_1,-0.20254311636700612,0.24843659372245208,0.899335038558411
1,recorded_state,55,plate_1,0.06942300206536883,0.21428824160699406,0.9024996849914994
1,recorded_state,56,akita_black_bowl_1,-0.19404555646965502,0.24839446018319528,0.9629826425460906
1,recorded_state,56,akita_black_bowl_2,0.056743183238137394,0.016761084198645686,0.9171329953101082
1,recorded_state,56,cookies_1,0.056743759520221954,0.016776831283569563,0.9093230783482578
1,recorded_state,56,glazed_rim_porcelain_ramekin_1,-0.20254321721756738,0.2484365788487301,0.8993396289778839
1,recorded_state,56,plate_1,0.06942300206536883,0.21428824160699406,0.9024996849914994
1,recorded_state,57,akita_black_bowl_1,-0.19552782209684602,0.24625390900379093,0.9675047848001953
1,recorded_state,57,akita_black_bowl_2,0.05674318323813618,0.016761084199107903,0.9171329953101082
1,recorded_state,57,cookies_1,0.056743759520221954,0.016776831283569743,0.9093230783482578
1,recorded_state,57,glazed_rim_porcelain_ramekin_1,-0.20254324434535742,0.24843657484339174,0.8993408821678643
1,recorded_state,57,plate_1,0.06942300206536883,0.21428824160699406,0.9024996849914994
1,recorded_state,58,akita_black_bowl_1,-0.1967803794566308,0.24341156154297833,0.9720682639976759
1,recorded_state,58,akita_black_bowl_2,0.056743183238134966,0.01676108419957012,0.9171329953101082
1,recorded_state,58,cookies_1,0.056743759520221954,0.016776831283569923,0.9093230783482578
1,recorded_state,58,glazed_rim_porcelain_ramekin_1,-0.20254325165297873,0.24843657376322967,0.8993412242925702
1,recorded_state,58,plate_1,0.06942300206536883,0.21428824160699406,0.9024996849914994
1,recorded_state,59,akita_black_bowl_1,-0.19768214551132846,0.24021329756422544,0.9768323012933436
1,recorded_state,59,akita_black_bowl_2,0.05674318323813375,0.016761084200032337,0.9171329953101082
1,recorded_state,59,cookies_1,0.056743759520221954,0.01677683128357011,0.9093230783482578
1,recorded_state,59,glazed_rim_porcelain_ramekin_1,-0.20254325362226358,0.24843657347181494,0.8993413176937622
1,recorded_state,59,plate_1,0.06942300206536883,0.21428824160699406,0.9024996849914994
1,recorded_state,60,akita_black_bowl_1,-0.19838080720258283,0.23665802404248212,0.9818303439819408
1,recorded_state,60,akita_black_bowl_2,0.05674318323813254,0.016761084200494554,0.9171329953101082
1,recorded_state,60,cookies_1,0.056743759520221954,0.016776831283570298,0.9093230783482578
1,recorded_state,60,glazed_rim_porcelain_ramekin_1,-0.20254325415301092,0.24843657339318614,0.8993413431925933
1,recorded_state,60,plate_1,0.06942300206536883,0.21428824160699406,0.9024996849914994
1,recorded_state,61,akita_black_bowl_1,-0.19786435580434233,0.2329675471289462,0.9878995170568506
1,recorded_state,61,akita_black_bowl_2,0.05674318323813132,0.01676108420095677,0.9171329953101082
1,recorded_state,61,cookies_1,0.056743759520221954,0.016776831283570486,0.9093230783482578
1,recorded_state,61,glazed_rim_porcelain_ramekin_1,-0.2025432542960582,0.2484365733719701,0.8993413501538532
1,recorded_state,61,plate_1,0.06942300206536883,0.21428824160699406,0.9024996849914994
1,recorded_state,62,akita_black_bowl_1,-0.19455690918264573,0.22950456556983656,0.9960298269296847
1,recorded_state,62,akita_black_bowl_2,0.05674318323813011,0.016761084201418988,0.9171329953101082
1,recorded_state,62,cookies_1,0.056743759520221954,0.016776831283570666,0.9093230783482578
1,recorded_state,62,glazed_rim_porcelain_ramekin_1,-0.2025432543346127,0.24843657336624547,0.8993413520542972
1,recorded_state,62,plate_1,0.06942300206536883,0.21428824160699406,0.9024996849914994
1,recorded_state,63,akita_black_bowl_1,-0.18757317189100312,0.2264911885639471,1.004591479543688
1,recorded_state,63,akita_black_bowl_2,0.056743183238128894,0.016761084201881205,0.9171329953101082
1,recorded_state,63,cookies_1,0.056743759520221954,0.016776831283570843,0.9093230783482578
1,recorded_state,63,glazed_rim_porcelain_ramekin_1,-0.202543254345004,0.2484365733647008,0.8993413525731238
1,recorded_state,63,plate_1,0.06942300206536883,0.21428824160699406,0.9024996849914994
1,recorded_state,64,akita_black_bowl_1,-0.17953057729709382,0.2242323637509436,1.011940079683209
1,recorded_state,64,akita_black_bowl_2,0.05674318323812768,0.016761084202343422,0.9171329953101081
1,recorded_state,64,cookies_1,0.056743759520221954,0.01677683128357102,0.9093230783482578
1,recorded_state,64,glazed_rim_porcelain_ramekin_1,-0.20254325434780468,0.24843657336428399,0.8993413527147647
1,recorded_state,64,plate_1,0.06942300206536883,0.21428824160699406,0.9024996849914994
1,recorded_state,65,akita_black_bowl_1,-0.17143629060033125,0.223016115868323,1.018991090749293
1,recorded_state,65,akita_black_bowl_2,0.056743183238126466,0.01676108420280564,0.9171329953101081
1,recorded_state,65,cookies_1,0.056743759520221954,0.016776831283571197,0.9093230783482578
1,recorded_state,65,glazed_rim_porcelain_ramekin_1,-0.20254325434855946,0.24843657336417155,0.8993413527534329
1,recorded_state,65,plate_1,0.06942300206536883,0.21428824160699406,0.9024996849914994
1,recorded_state,66,akita_black_bowl_1,-0.16334459307972526,0.22306295571722692,1.0260944721312244
1,recorded_state,66,akita_black_bowl_2,0.05674318323812525,0.016761084203267856,0.9171329953101081
1,recorded_state,66,cookies_1,0.056743759520221954,0.01677683128357137,0.9093230783482578
1,recorded_state,66,glazed_rim_porcelain_ramekin_1,-0.20254325434876289,0.24843657336414118,0.8993413527639894
1,recorded_state,66,plate_1,0.06942300206536883,0.21428824160699406,0.9024996849914994
1,recorded_state,67,akita_black_bowl_1,-0.15513359903917667,0.22425646305769883,1.0330598930381585
1,recorded_state,67,akita_black_bowl_2,0.05674318323812404,0.016761084203730073,0.9171329953101081
1,recorded_state,67,cookies_1,0.056743759520221954,0.01677683128357155,0.9093230783482578
1,recorded_state,67,glazed_rim_porcelain_ramekin_1,-0.20254325434881773,0.24843657336413294,0.8993413527668713
1,recorded_state,67,plate_1,0.06942300206536883,0.21428824160699406,0.9024996849914994
1,recorded_state,68,akita_black_bowl_1,-0.1468251770701474,0.22611468862514192,1.0395605718076275
1,recorded_state,68,akita_black_bowl_2,0.05674318323812282,0.01676108420419229,0.9171329953101081
1,recorded_state,68,cookies_1,0.056743759520221954,0.016776831283571728,0.9093230783482578
1,recorded_state,68,glazed_rim_porcelain_ramekin_1,-0.2025432543488325,0.2484365733641307,0.899341352767658
1,recorded_state,68,plate_1,0.06942300206536883,0.21428824160699406,0.9024996849914994
1,recorded_state,69,akita_black_bowl_1,-0.1383762198903739,0.22823352803310384,1.045616783514631
1,recorded_state,69,akita_black_bowl_2,0.05674318323812161,0.016761084204654508,0.9171329953101081
1,recorded_state,69,cookies_1,0.056743759520221954,0.016776831283571905,0.9093230783482578
1,recorded_state,69,glazed_rim_porcelain_ramekin_1,-0.20254325434883652,0.24843657336413008,0.899341352767873
1,recorded_state,69,plate_1,0.06942300206536883,0.21428824160699406,0.9024996849914994
1,recorded_state,70,akita_black_bowl_1,-0.12971599178399537,0.23034416975499755,1.0513423061168807
1,recorded_state,70,akita_black_bowl_2,0.056743183238120394,0.016761084205116725,0.9171329953101081
1,recorded_state,70,cookies_1,0.056743759520221954,0.016776831283572078,0.9093230783482578
1,recorded_state,70,glazed_rim_porcelain_ramekin_1,-0.2025432543488376,0.24843657336413008,0.8993413527679316
1,recorded_state,70,plate_1,0.06942300206536883,0.21428824160699406,0.9024996849914994
1,recorded_state,71,akita_black_bowl_1,-0.12080286305302936,0.23227746820334003,1.0566887662783262
1,recorded_state,71,akita_black_bowl_2,0.05674318323811918,0.016761084205578942,0.917132995310108
1,recorded_state,71,cookies_1,0.056743759520221954,0.01677683128357225,0.9093230783482578
1,recorded_state,71,glazed_rim_porcelain_ramekin_1,-0.20254325434883783,0.24843657336413008,0.8993413527679476
1,recorded_state,71,plate_1,0.06942300206536883,0.21428824160699406,0.9024996849914994
1,recorded_state,72,akita_black_bowl_1,-0.11159652531064003,0.23391060345086337,1.061596630868741
1,recorded_state,72,akita_black_bowl_2,0.056743183238117965,0.01676108420604116,0.917132995310108
1,recorded_state,72,cookies_1,0.056743759520221954,0.016776831283572425,0.9093230783482578
1,recorded_state,72,glazed_rim_porcelain_ramekin_1,-0.20254325434883783,0.24843657336413008,0.8993413527679519
1,recorded_state,72,plate_1,0.06942300206536883,0.21428824160699406,0.9024996849914994
1,recorded_state,73,akita_black_bowl_1,-0.10213347522576101,0.235218884664787,1.0660971257302354
1,recorded_state,73,akita_black_bowl_2,0.05674318323811675,0.016761084206503376,0.917132995310108
1,recorded_state,73,cookies_1,0.056743759520221954,0.0167768312835726,0.9093230783482578
1,recorded_state,73,glazed_rim_porcelain_ramekin_1,-0.20254325434883783,0.24843657336413008,0.8993413527679525
1,recorded_state,73,plate_1,0.06942300206536883,0.21428824160699406,0.9024996849914994
1,recorded_state,74,akita_black_bowl_1,-0.0924323413739371,0.23624715493008247,1.070258799770635
1,recorded_state,74,akita_black_bowl_2,0.05674318323811554,0.016761084206965593,0.917132995310108
1,recorded_state,74,cookies_1,0.056743759520221954,0.016776831283572772,0.9093230783482578
1,recorded_state,74,glazed_rim_porcelain_ramekin_1,-0.20254325434883783,0.24843657336413008,0.8993413527679525
1,recorded_state,74,plate_1,0.06942300206536883,0.21428824160699406,0.9024996849914994
1,recorded_state,75,akita_black_bowl_1,-0.08251878833942425,0.2370482226768598,1.074060308386466
1,recorded_state,75,akita_black_bowl_2,0.05674318323811432,0.01676108420742781,0.917132995310108
1,recorded_state,75,cookies_1,0.056743759520221954,0.016776831283572945,0.9093230783482578
1,recorded_state,75,glazed_rim_porcelain_ramekin_1,-0.20254325434883783,0.24843657336413008,0.8993413527679525
1,recorded_state,75,plate_1,0.06942300206536883,0.21428824160699406,0.9024996849914994
1,recorded_state,76,akita_black_bowl_1,-0.07238766230757497,0.23751877205277236,1.077370138081082
1,recorded_state,76,akita_black_bowl_2,0.05674318323811311,0.016761084207890027,0.917132995310108
1,recorded_state,76,cookies_1,0.056743759520221954,0.01677683128357312,0.9093230783482578
1,recorded_state,76,glazed_rim_porcelain_ramekin_1,-0.20254325434883783,0.24843657336413008,0.8993413527679525
1,recorded_state,76,plate_1,0.06942300206536883,0.21428824160699406,0.9024996849914994
1,recorded_state,77,akita_black_bowl_1,-0.062081609754916785,0.23769131784629396,1.080088159806901
1,recorded_state,77,akita_black_bowl_2,0.056743183238111894,0.016761084208352244,0.917132995310108
1,recorded_state,77,cookies_1,0.056743759520221954,0.016776831283573292,0.9093230783482578
1,recorded_state,77,glazed_rim_porcelain_ramekin_1,-0.20254325434883783,0.24843657336413008,0.8993413527679525
1,recorded_state,77,plate_1,0.06942300206536883,0.21428824160699406,0.9024996849914994
1,recorded_state,78,akita_black_bowl_1,-0.05160584269313903,0.23770346195330475,1.0821447402025728
1,recorded_state,78,akita_black_bowl_2,0.05674318323811068,0.01676108420881446,0.9171329953101078
1,recorded_state,78,cookies_1,0.056743759520221954,0.016776831283573466,0.9093230783482578
1,recorded_state,78,glazed_rim_porcelain_ramekin_1,-0.20254325434883783,0.24843657336413008,0.8993413527679525
1,recorded_state,78,plate_1,0.06942300206536883,0.21428824160699406,0.9024996849914994
1,recorded_state,79,akita_black_bowl_1,-0.041056830437600875,0.2376364619151382,1.083535799113112
1,recorded_state,79,akita_black_bowl_2,0.056743183238109465,0.01676108420927668,0.9171329953101078
1,recorded_state,79,cookies_1,0.056743759520221954,0.01677683128357364,0.9093230783482578
1,recorded_state,79,glazed_rim_porcelain_ramekin_1,-0.20254325434883783,0.24843657336413008,0.8993413527679525
1,recorded_state,79,plate_1,0.06942300206536883,0.21428824160699406,0.9024996849914994
1,recorded_state,80,akita_black_bowl_1,-0.0303808032812794,0.23750679766873845,1.0845124444470506
1,recorded_state,80,akita_black_bowl_2,0.05674318323810825,0.016761084209738895,0.9171329953101078
1,recorded_state,80,cookies_1,0.056743759520221954,0.016776831283573813,0.9093230783482578
1,recorded_state,80,glazed_rim_porcelain_ramekin_1,-0.20254325434883783,0.24843657336413008,0.8993413527679525
1,recorded_state,80,plate_1,0.06942300206536883,0.21428824160699406,0.9024996849914994
1,recorded_state,81,akita_black_bowl_1,-0.019523609119876755,0.23724421364292156,1.0851940965541826
1,recorded_state,81,akita_black_bowl_2,0.05674318323810704,0.016761084210201112,0.9171329953101078
1,recorded_state,81,cookies_1,0.056743759520221954,0.016776831283573986,0.9093230783482578
1,recorded_state,81,glazed_rim_porcelain_ramekin_1,-0.20254325434883783,0.24843657336413008,0.8993413527679525
1,recorded_state,81,plate_1,0.06942300206536883,0.21428824160699406,0.9024996849914994
1,recorded_state,82,akita_black_bowl_1,-0.008404786400626559,0.23673131837951147,1.0856726566570296
1,recorded_state,82,akita_black_bowl_2,0.05674318323810582,0.01676108421066333,0.9171329953101078
1,recorded_state,82,cookies_1,0.056743759520221954,0.01677683128357416,0.9093230783482578
1,recorded_state,82,glazed_rim_porcelain_ramekin_1,-0.20254325434883783,0.24843657336413008,0.8993413527679525
1,recorded_state,82,plate_1,0.06942300206536883,0.21428824160699406,0.9024996849914994
1,recorded_state,83,akita_black_bowl_1,0.002964965545866062,0.2359144334345974,1.0858684858319185
1,recorded_state,83,akita_black_bowl_2,0.05674318323810461,0.016761084211125547,0.9171329953101078
1,recorded_state,83,cookies_1,0.056743759520221954,0.016776831283574333,0.9093230783482578
1,recorded_state,83,glazed_rim_porcelain_ramekin_1,-0.20254325434883783,0.24843657336413008,0.8993413527679525
1,recorded_state,83,plate_1,0.06942300206536883,0.21428824160699406,0.9024996849914994
1,recorded_state,84,akita_black_bowl_1,0.014932019901577453,0.23443283799548648,1.0862471855432256
1,recorded_state,84,akita_black_bowl_2,0.056743183238103394,0.016761084211587764,0.9171329953101078
1,recorded_state,84,cookies_1,0.056743759520221954,0.016776831283574507,0.9093230783482578
1,recorded_state,84,glazed_rim_porcelain_ramekin_1,-0.20254325434883783,0.24843657336413008,0.8993413527679525
1,recorded_state,84,plate_1,0.06942300206536883,0.21428824160699406,0.9024996849914994
1,recorded_state,85,akita_black_bowl_1,0.027287425990119834,0.23198687374575314,1.0861631836866115
1,recorded_state,85,akita_black_bowl_2,0.05674318323810218,0.01676108421204998,0.9171329953101077
1,recorded_state,85,cookies_1,0.056743759520221954,0.01677683128357468,0.9093230783482578
1,recorded_state,85,glazed_rim_porcelain_ramekin_1,-0.20254325434883783,0.24843657336413008,0.8993413527679525
1,recorded_state,85,plate_1,0.06942300206536883,0.21428824160699406,0.9024996849914994
1,recorded_state,86,akita_black_bowl_1,0.03973533889815806,0.22851882035652862,1.0849674628440562
1,recorded_state,86,akita_black_bowl_2,0.056743183238100965,0.016761084212512198,0.9171329953101077
1,recorded_state,86,cookies_1,0.056743759520221954,0.016776831283574854,0.9093230783482578
1,recorded_state,86,glazed_rim_porcelain_ramekin_1,-0.20254325434883783,0.24843657336413008,0.8993413527679525
1,recorded_state,86,plate_1,0.06942300206536883,0.21428824160699406,0.9024996849914994
1,recorded_state,87,akita_black_bowl_1,0.05221883967917793,0.22418719353485794,1.0828767081893456
1,recorded_state,87,akita_black_bowl_2,0.05674318323809975,0.016761084212974415,0.9171329953101077
1,recorded_state,87,cookies_1,0.056743759520221954,0.016776831283575027,0.9093230783482578
1,recorded_state,87,glazed_rim_porcelain_ramekin_1,-0.20254325434883783,0.24843657336413008,0.8993413527679525
1,recorded_state,87,plate_1,0.06942300206536883,0.21428824160699406,0.9024996849914994
1,recorded_state,88,akita_black_bowl_1,0.06456400964931211,0.21918629513106644,1.0801368932715885
1,recorded_state,88,akita_black_bowl_2,0.05674318323809854,0.016761084213436632,0.9171329953101077
1,recorded_state,88,cookies_1,0.056743759520221954,0.0167768312835752,0.9093230783482578
1,recorded_state,88,glazed_rim_porcelain_ramekin_1,-0.20254325434883783,0.24843657336413008,0.8993413527679525
1,recorded_state,88,plate_1,0.06942300206536883,0.21428824160699406,0.9024996849914994
1,recorded_state,89,akita_black_bowl_1,0.07664589981801376,0.21357228466373437,1.0771833432672335
1,recorded_state,89,akita_black_bowl_2,0.05674318323809732,0.01676108421389885,0.9171329953101077
1,recorded_state,89,cookies_1,0.056743759520221954,0.016776831283575374,0.9093230783482578
1,recorded_state,89,glazed_rim_porcelain_ramekin_1,-0.20254325434883783,0.24843657336413008,0.8993413527679525
1,recorded_state,89,plate_1,0.06942300206536883,0.21428824160699406,0.9024996849914994
1,recorded_state,90,akita_black_bowl_1,0.08810301880320594,0.20780736549212367,1.0743674845073428
1,recorded_state,90,akita_black_bowl_2,0.05674318323809611,0.016761084214361066,0.9171329953101077
1,recorded_state,90,cookies_1,0.056743759520221954,0.016776831283575547,0.9093230783482578
1,recorded_state,90,glazed_rim_porcelain_ramekin_1,-0.20254325434883783,0.24843657336413008,0.8993413527679525
1,recorded_state,90,plate_1,0.06942300206536883,0.21428824160699406,0.9024996849914994
1,recorded_state,91,akita_black_bowl_1,0.09812856344606406,0.2027148080066561,1.0719597306224218
1,recorded_state,91,akita_black_bowl_2,0.056743183238094894,0.016761084214823283,0.9171329953101076
1,recorded_state,91,cookies_1,0.056743759520221954,0.016776831283575724,0.9093230783482578
1,recorded_state,91,glazed_rim_porcelain_ramekin_1,-0.20254325434883783,0.24843657336413008,0.8993413527679525
1,recorded_state,91,plate_1,0.06942300206536883,0.21428824160699406,0.9024996849914994
1,recorded_state,92,akita_black_bowl_1,0.10568365340844933,0.1990418859851807,1.0700425682347476
1,recorded_state,92,akita_black_bowl_2,0.05674318323809368,0.0167610842152855,0.9171329953101076
1,recorded_state,92,cookies_1,0.056743759520221954,0.0167768312835759,0.9093230783482578
1,recorded_state,92,glazed_rim_porcelain_ramekin_1,-0.20254325434883783,0.24843657336413008,0.8993413527679525
1,recorded_state,92,plate_1,0.06942300206536883,0.21428824160699406,0.9024996849914994
1,recorded_state,93,akita_black_bowl_1,0.11184653688830795,0.1970496938634483,1.068839957596977
1,recorded_state,93,akita_black_bowl_2,0.056743183238092465,0.016761084215747717,0.9171329953101076
1,recorded_state,93,cookies_1,0.056743759520221954,0.01677683128357608,0.9093230783482578
1,recorded_state,93,glazed_rim_porcelain_ramekin_1,-0.20254325434883783,0.24843657336413008,0.8993413527679525
1,recorded_state,93,plate_1,0.06942300206536883,0.21428824160699406,0.9024996849914994
1,recorded_state,94,akita_black_bowl_1,0.11640159737013392,0.1960537607207539,1.0675234715824353
1,recorded_state,94,akita_black_bowl_2,0.05674318323809125,0.016761084216209934,0.9171329953101076
1,recorded_state,94,cookies_1,0.056743759520221954,0.01677683128357626,0.9093230783482578
1,recorded_state,94,glazed_rim_porcelain_ramekin_1,-0.20254325434883783,0.24843657336413008,0.8993413527679525
1,recorded_state,94,plate_1,0.06942300206536883,0.21428824160699406,0.9024996849914994
1,recorded_state,95,akita_black_bowl_1,0.1199465964148419,0.19527531832822742,1.0661855007958427
1,recorded_state,95,akita_black_bowl_2,0.056743183238090036,0.01676108421667215,0.9171329953101076
1,recorded_state,95,cookies_1,0.056743759520221954,0.016776831283576432,0.9093230783482578
1,recorded_state,95,glazed_rim_porcelain_ramekin_1,-0.20254325434883783,0.24843657336413008,0.8993413527679525
1,recorded_state,95,plate_1,0.06942300206536883,0.21428824160699406,0.9024996849914994
1,recorded_state,96,akita_black_bowl_1,0.12183841833580304,0.19449867071942137,1.063982960841755
1,recorded_state,96,akita_black_bowl_2,0.05674318323808882,0.01676108421713437,0.9171329953101076
1,recorded_state,96,cookies_1,0.056743759520221954,0.01677683128357661,0.9093230783482578
1,recorded_state,96,glazed_rim_porcelain_ramekin_1,-0.20254325434883783,0.24843657336413008,0.8993413527679525
1,recorded_state,96,plate_1,0.06942300206536883,0.21428824160699406,0.9024996849914994
1,recorded_state,97,akita_black_bowl_1,0.12171335197759894,0.19390749544581984,1.0606968373049905
1,recorded_state,97,akita_black_bowl_2,0.05674318323808761,0.016761084217596586,0.9171329953101076
1,recorded_state,97,cookies_1,0.056743759520221954,0.016776831283576786,0.9093230783482578
1,recorded_state,97,glazed_rim_porcelain_ramekin_1,-0.20254325434883783,0.24843657336413008,0.8993413527679525
1,recorded_state,97,plate_1,0.06942300206536883,0.21428824160699406,0.9024996849914994
1,recorded_state,98,akita_black_bowl_1,0.11899465602328477,0.19320818492105649,1.0561641154691008
1,recorded_state,98,akita_black_bowl_2,0.056743183238086393,0.016761084218058803,0.9171329953101075
1,recorded_state,98,cookies_1,0.056743759520221954,0.016776831283576963,0.9093230783482578
1,recorded_state,98,glazed_rim_porcelain_ramekin_1,-0.20254325434883783,0.24843657336413008,0.8993413527679525
1,recorded_state,98,plate_1,0.06942300206536883,0.21428824160699406,0.9024996849914994
1,recorded_state,99,akita_black_bowl_1,0.1143388593689421,0.19255848972690054,1.0508101837807369
1,recorded_state,99,akita_black_bowl_2,0.05674318323808518,0.01676108421852102,0.9171329953101075
1,recorded_state,99,cookies_1,0.056743759520221954,0.01677683128357714,0.9093230783482578
1,recorded_state,99,glazed_rim_porcelain_ramekin_1,-0.20254325434883783,0.24843657336413008,0.8993413527679525
1,recorded_state,99,plate_1,0.06942300206536883,0.21428824160699406,0.9024996849914994
1,recorded_state,100,akita_black_bowl_1,0.108083587370566,0.19216084258689367,1.0445393057203165
1,recorded_state,100,akita_black_bowl_2,0.056743183238083965,0.016761084218983237,0.9171329953101075
1,recorded_state,100,cookies_1,0.056743759520221954,0.016776831283577324,0.9093230783482578
1,recorded_state,100,glazed_rim_porcelain_ramekin_1,-0.20254325434883783,0.24843657336413008,0.8993413527679525
1,recorded_state,100,plate_1,0.06942300206536883,0.21428824160699406,0.9024996849914994
1,recorded_state,101,akita_black_bowl_1,0.10061218338831046,0.19188692091432444,1.0373684640483043
1,recorded_state,101,akita_black_bowl_2,0.05674318323808275,0.016761084219445454,0.9171329953101075
1,recorded_state,101,cookies_1,0.056743759520221954,0.016776831283577504,0.9093230783482578
1,recorded_state,101,glazed_rim_porcelain_ramekin_1,-0.20254325434883783,0.24843657336413008,0.8993413527679525
1,recorded_state,101,plate_1,0.06942300206536883,0.21428824160699406,0.9024996849914994
1,recorded_state,102,akita_black_bowl_1,0.09238002245296971,0.1918456764848383,1.0295089001264701
1,recorded_state,102,akita_black_bowl_2,0.056743183238081536,0.01676108421990767,0.9171329953101075
1,recorded_state,102,cookies_1,0.056743759520221954,0.01677683128357768,0.9093230783482578
1,recorded_state,102,glazed_rim_porcelain_ramekin_1,-0.20254325434883783,0.24843657336413008,0.8993413527679525
1,recorded_state,102,plate_1,0.06942300206536883,0.21428824160699406,0.9024996849914994
1,recorded_state,103,akita_black_bowl_1,0.08376105854920925,0.19203120551679623,1.0212182542045787
1,recorded_state,103,akita_black_bowl_2,0.05674318323808032,0.016761084220369888,0.9171329953101075
1,recorded_state,103,cookies_1,0.056743759520221954,0.01677683128357786,0.9093230783482578
1,recorded_state,103,glazed_rim_porcelain_ramekin_1,-0.20254325434883783,0.24843657336413008,0.8993413527679525
1,recorded_state,103,plate_1,0.06942300206536883,0.21428824160699406,0.9024996849914994
1,recorded_state,104,akita_black_bowl_1,0.0756453167421762,0.1925038804859108,1.012498744613682
1,recorded_state,104,akita_black_bowl_2,0.05674318323807911,0.016761084220832105,0.9171329953101075
1,recorded_state,104,cookies_1,0.056743759520221954,0.01677683128357804,0.9093230783482578
1,recorded_state,104,glazed_rim_porcelain_ramekin_1,-0.20254325434883783,0.24843657336413008,0.8993413527679525
1,recorded_state,104,plate_1,0.06942300206536883,0.21428824160699406,0.9024996849914994
1,recorded_state,105,akita_black_bowl_1,0.06853464831426317,0.19366320656488933,1.002551126383482
1,recorded_state,105,akita_black_bowl_2,0.05674318323807789,0.016761084221294322,0.9171329953101075
1,recorded_state,105,cookies_1,0.056743759520221954,0.016776831283578222,0.9093230783482578
1,recorded_state,105,glazed_rim_porcelain_ramekin_1,-0.20254325434883783,0.24843657336413008,0.8993413527679525
1,recorded_state,105,plate_1,0.06942300206536883,0.21428824160699406,0.9024996849914994
1,recorded_state,106,akita_black_bowl_1,0.06338688919470727,0.19481100387272032,0.9898818743624213
1,recorded_state,106,akita_black_bowl_2,0.05674318323807668,0.01676108422175654,0.9171329953101074
1,recorded_state,106,cookies_1,0.056743759520221954,0.016776831283578403,0.9093230783482578
1,recorded_state,106,glazed_rim_porcelain_ramekin_1,-0.20254325434883783,0.24843657336413008,0.8993413527679525
1,recorded_state,106,plate_1,0.06942300206536883,0.21428824160699406,0.9024996849914994
1,recorded_state,107,akita_black_bowl_1,0.06187608620291144,0.19475319431357127,0.9763624390396706
1,recorded_state,107,akita_black_bowl_2,0.056743183238075465,0.016761084222218756,0.9171329953101074
1,recorded_state,107,cookies_1,0.056743759520221954,0.01677683128357858,0.9093230783482578
1,recorded_state,107,glazed_rim_porcelain_ramekin_1,-0.20254325434883783,0.24843657336413008,0.8993413527679525
1,recorded_state,107,plate_1,0.06942300206536883,0.21428824160699406,0.9024996849914994
1,recorded_state,108,akita_black_bowl_1,0.06397387832433449,0.1935195590086977,0.9652659304597044
1,recorded_state,108,akita_black_bowl_2,0.05674318323807425,0.016761084222680973,0.9171329953101074
1,recorded_state,108,cookies_1,0.056743759520221954,0.016776831283578757,0.9093230783482578
1,recorded_state,108,glazed_rim_porcelain_ramekin_1,-0.20254325434883783,0.24843657336413008,0.8993413527679525
1,recorded_state,108,plate_1,0.06942300206536883,0.21428824160699406,0.9024996849914994
1,recorded_state,109,akita_black_bowl_1,0.06833511904957418,0.19178462208324432,0.9570872922158945
1,recorded_state,109,akita_black_bowl_2,0.056743183238073036,0.01676108422314319,0.9171329953101074
1,recorded_state,109,cookies_1,0.056743759520221954,0.016776831283578937,0.9093230783482578
1,recorded_state,109,glazed_rim_porcelain_ramekin_1,-0.20254325434883783,0.24843657336413008,0.8993413527679525
1,recorded_state,109,plate_1,0.06942300206536883,0.21428824160699406,0.9024996849914994
1,recorded_state,110,akita_black_bowl_1,0.07428428039443391,0.19012685471952664,0.9511683608524913
1,recorded_state,110,akita_black_bowl_2,0.05674318323807182,0.016761084223605408,0.9171329953101074
1,recorded_state,110,cookies_1,0.056743759520221954,0.016776831283579114,0.9093230783482578
1,recorded_state,110,glazed_rim_porcelain_ramekin_1,-0.20254325434883783,0.24843657336413008,0.8993413527679525
1,recorded_state,110,plate_1,0.06942300206536883,0.21428824160699406,0.9024996849914994
1,recorded_state,111,akita_black_bowl_1,0.08121371257874956,0.188915239466288,0.9474894239337657
1,recorded_state,111,akita_black_bowl_2,0.05674318323807061,0.016761084224067625,0.9171329953101074
1,recorded_state,111,cookies_1,0.056743759520221954,0.01677683128357929,0.9093230783482578
1,recorded_state,111,glazed_rim_porcelain_ramekin_1,-0.20254325434883783,0.24843657336413008,0.8993413527679525
1,recorded_state,111,plate_1,0.06942300206536883,0.21428824160699406,0.9024996849914994
1,recorded_state,112,akita_black_bowl_1,0.08804204608912845,0.1884336629981188,0.9458149456109154
1,recorded_state,112,akita_black_bowl_2,0.05674318323806939,0.01676108422452984,0.9171329953101074
1,recorded_state,112,cookies_1,0.056743759520221954,0.016776831283579464,0.9093230783482578
1,recorded_state,112,glazed_rim_porcelain_ramekin_1,-0.20254325434883783,0.24843657336413008,0.8993413527679525
1,recorded_state,112,plate_1,0.06942300206536883,0.21428824160699406,0.9024996849914994
1,recorded_state,113,akita_black_bowl_1,0.0938735339648211,0.18892657376255115,0.9443193307474943
1,recorded_state,113,akita_black_bowl_2,0.05674318323806818,0.01676108422499206,0.9171329953101073
1,recorded_state,113,cookies_1,0.056743759520221954,0.016776831283579638,0.9093230783482578
1,recorded_state,113,glazed_rim_porcelain_ramekin_1,-0.20254325434883783,0.24843657336413008,0.8993413527679525
1,recorded_state,113,plate_1,0.06942300206536883,0.21428824160699406,0.9024996849914994
1,recorded_state,114,akita_black_bowl_1,0.09740503220344696,0.19020545335007144,0.9422690017560514
1,recorded_state,114,akita_black_bowl_2,0.056743183238066965,0.016761084225454276,0.9171329953101073
1,recorded_state,114,cookies_1,0.056743759520221954,0.016776831283579815,0.9093230783482578
1,recorded_state,114,glazed_rim_porcelain_ramekin_1,-0.20254325434883783,0.24843657336413008,0.8993413527679525
1,recorded_state,114,plate_1,0.06942300206536883,0.21428824160699406,0.9024996849914994
1,recorded_state,115,akita_black_bowl_1,0.0983394421712351,0.1917782427714596,0.9396821424680932
1,recorded_state,115,akita_black_bowl_2,0.05674318323806575,0.016761084225916493,0.9171329953101073
1,recorded_state,115,cookies_1,0.056743759520221954,0.01677683128357999,0.9093230783482578
1,recorded_state,115,glazed_rim_porcelain_ramekin_1,-0.20254325434883783,0.24843657336413008,0.8993413527679525
1,recorded_state,115,plate_1,0.06942300206536883,0.21428824160699406,0.9024996849914994
1,recorded_state,116,akita_black_bowl_1,0.0964006795170419,0.19365258496725743,0.9367560370995104
1,recorded_state,116,akita_black_bowl_2,0.056743183238064536,0.01676108422637871,0.9171329953101073
1,recorded_state,116,cookies_1,0.056743759520221954,0.016776831283580165,0.9093230783482578
1,recorded_state,116,glazed_rim_porcelain_ramekin_1,-0.20254325434883783,0.24843657336413008,0.8993413527679525
1,recorded_state,116,plate_1,0.06942300206536883,0.21428824160699406,0.9024996849914994
1,recorded_state,117,akita_black_bowl_1,0.09230277850162524,0.1955684379329029,0.9339143390700146
1,recorded_state,117,akita_black_bowl_2,0.05674318323806332,0.016761084226840927,0.9171329953101073
1,recorded_state,117,cookies_1,0.056743759520221954,0.01677683128358034,0.9093230783482578
1,recorded_state,117,glazed_rim_porcelain_ramekin_1,-0.20254325434883783,0.24843657336413008,0.8993413527679525
1,recorded_state,117,plate_1,0.06942300206536883,0.21428824160699406,0.9024996849914994
1,recorded_state,118,akita_black_bowl_1,0.0871338588969438,0.1973045276049004,0.9308871349271343
1,recorded_state,118,akita_black_bowl_2,0.05674318323806211,0.016761084227303144,0.9171329953101073
1,recorded_state,118,cookies_1,0.056743759520221954,0.016776831283580512,0.9093230783482578
1,recorded_state,118,glazed_rim_porcelain_ramekin_1,-0.20254325434883783,0.24843657336413008,0.8993413527679525
1,recorded_state,118,plate_1,0.06942300206536883,0.21428824160699406,0.9024996849914994
1,recorded_state,119,akita_black_bowl_1,0.08151744909413106,0.1989536333003621,0.9270214976534026
1,recorded_state,119,akita_black_bowl_2,0.05674318323806089,0.01676108422776536,0.9171329953101073
1,recorded_state,119,cookies_1,0.056743759520221954,0.016776831283580686,0.9093230783482578
1,recorded_state,119,glazed_rim_porcelain_ramekin_1,-0.20254325434883783,0.24843657336413008,0.8993413527679525
1,recorded_state,119,plate_1,0.06942300206536883,0.21428824160699406,0.9024996849914994
1,recorded_state,120,akita_black_bowl_1,0.07605849399740128,0.20039428365830061,0.922158606990598
1,recorded_state,120,akita_black_bowl_2,0.05674318323805968,0.016761084228227578,0.9171329953101072
1,recorded_state,120,cookies_1,0.056743759520221954,0.01677683128358086,0.9093230783482578
1,recorded_state,120,glazed_rim_porcelain_ramekin_1,-0.20254325434883783,0.24843657336413008,0.8993413527679525
1,recorded_state,120,plate_1,0.06942300206536883,0.21428824160699406,0.9024996849914994
1,recorded_state,121,akita_black_bowl_1,0.07082248639495257,0.2015072997255946,0.9166176394145903
1,recorded_state,121,akita_black_bowl_2,0.056743183238058464,0.016761084228689795,0.9171329953101072
1,recorded_state,121,cookies_1,0.056743759520221954,0.016776831283581033,0.9093230783482578
1,recorded_state,121,glazed_rim_porcelain_ramekin_1,-0.20254325434883783,0.24843657336413008,0.8993413527679525
1,recorded_state,121,plate_1,0.06942300206536883,0.21428824160699406,0.9024996849914994
1,recorded_state,122,akita_black_bowl_1,0.06690366016583717,0.20266488028094878,0.9116170360425263
1,recorded_state,122,akita_black_bowl_2,0.05674318323805725,0.016761084229152012,0.9171329953101072
1,recorded_state,122,cookies_1,0.056743759520221954,0.016776831283581206,0.9093230783482578
1,recorded_state,122,glazed_rim_porcelain_ramekin_1,-0.20254325434883783,0.24843657336413008,0.8993413527679525
1,recorded_state,122,plate_1,0.06945608755356261,0.21442992156444068,0.9025223612502158
1,recorded_state,123,akita_black_bowl_1,0.06603374627625626,0.20463453515133773,0.9097015671404731
1,recorded_state,123,akita_black_bowl_2,0.056743183238056036,0.01676108422961423,0.9171329953101072
1,recorded_state,123,cookies_1,0.056743759520221954,0.01677683128358138,0.9093230783482578
1,recorded_state,123,glazed_rim_porcelain_ramekin_1,-0.20254325434883783,0.24843657336413008,0.8993413527679525
1,recorded_state,123,plate_1,0.06970026326135716,0.2157622779984761,0.9025291353631989
1,recorded_state,124,akita_black_bowl_1,0.0656495301493053,0.2056986796411247,0.908635243528821
1,recorded_state,124,akita_black_bowl_2,0.05674318323805482,0.016761084230076446,0.9171329953101072
1,recorded_state,124,cookies_1,0.056743759520221954,0.016776831283581553,0.9093230783482578
1,recorded_state,124,glazed_rim_porcelain_ramekin_1,-0.20254325434883783,0.24843657336413008,0.8993413527679525
1,recorded_state,124,plate_1,0.06980182387084254,0.21635105318904116,0.9024520307042325
1,recorded_state,125,akita_black_bowl_1,0.06547517343771538,0.20580992380369867,0.908250092396417
1,recorded_state,125,akita_black_bowl_2,0.05674318323805361,0.016761084230538664,0.9171329953101072
1,recorded_state,125,cookies_1,0.056743759520221954,0.016776831283581727,0.9093230783482578
1,recorded_state,125,glazed_rim_porcelain_ramekin_1,-0.20254325434883783,0.24843657336413008,0.8993413527679525
1,recorded_state,125,plate_1,0.06980311520847701,0.21641376810072982,0.9024011950029696
1,recorded_state,126,akita_black_bowl_1,0.06439744418097842,0.2058389237677303,0.9078362114257738
1,recorded_state,126,akita_black_bowl_2,0.05674318323805239,0.01676108423100088,0.9171329953101072
1,recorded_state,126,cookies_1,0.056743759520221954,0.0167768312835819,0.9093230783482578
1,recorded_state,126,glazed_rim_porcelain_ramekin_1,-0.20254325434883783,0.24843657336413008,0.8993413527679525
1,recorded_state,126,plate_1,0.06980666594651531,0.21640783586216317,0.9024542650046278
1,recorded_state,127,akita_black_bowl_1,0.06444649489545887,0.20589214060297092,0.9072777716873527
1,recorded_state,127,akita_black_bowl_2,0.05674318323805118,0.016761084231463098,0.9171329953101072
1,recorded_state,127,cookies_1,0.056743759520221954,0.016776831283582073,0.9093230783482578
1,recorded_state,127,glazed_rim_porcelain_ramekin_1,-0.20254325434883783,0.24843657336413008,0.8993413527679525
1,recorded_state,127,plate_1,0.06980797134518804,0.21640573089574686,0.9024760876934795
1,recorded_state,128,akita_black_bowl_1,0.06450464336486787,0.2059090465226798,0.9068314672067777
1,recorded_state,128,akita_black_bowl_2,0.056743183238049964,0.016761084231925315,0.9171329953101071
1,recorded_state,128,cookies_1,0.056743759520221954,0.016776831283582247,0.9093230783482578
1,recorded_state,128,glazed_rim_porcelain_ramekin_1,-0.20254325434883783,0.24843657336413008,0.8993413527679525
1,recorded_state,128,plate_1,0.06980789283784321,0.21640468524525613,0.9024818810463261
1,recorded_state,129,akita_black_bowl_1,0.06450872592665209,0.20590862862747655,0.9068312535466806
1,recorded_state,129,akita_black_bowl_2,0.05674318323804875,0.016761084232387532,0.9171329953101071
1,recorded_state,129,cookies_1,0.056743759520221954,0.01677683128358242,0.9093230783482578
1,recorded_state,129,glazed_rim_porcelain_ramekin_1,-0.20254325434883783,0.24843657336413008,0.8993413527679525
1,recorded_state,129,plate_1,0.06980774477002209,0.2164044201515701,0.9024829293129696
1,recorded_state,130,akita_black_bowl_1,0.06449606214461444,0.20590841037319002,0.9068319110132154
1,recorded_state,130,akita_black_bowl_2,0.056743183238047536,0.01676108423284975,0.9171329953101071
1,recorded_state,130,cookies_1,0.056743759520221954,0.016776831283582594,0.9093230783482578
1,recorded_state,130,glazed_rim_porcelain_ramekin_1,-0.20254325434883783,0.24843657336413008,0.8993413527679525
1,recorded_state,130,plate_1,0.06980770066685586,0.2164043482559019,0.9024832113128836
1,recorded_state,131,akita_black_bowl_1,0.0644891834306045,0.20590819765631663,0.9068319551379517
1,recorded_state,131,akita_black_bowl_2,0.05674318323804632,0.016761084233311966,0.9171329953101071
1,recorded_state,131,cookies_1,0.056743759520221954,0.016776831283582767,0.9093230783482578
1,recorded_state,131,glazed_rim_porcelain_ramekin_1,-0.20254325434883783,0.24843657336413008,0.8993413527679525
1,recorded_state,131,plate_1,0.06980775014833321,0.21640432488238234,0.9024832051627224
1,recorded_state,132,akita_black_bowl_1,0.06448917101122348,0.20590821701946144,0.9068323083209081
1,recorded_state,132,akita_black_bowl_2,0.05674318323804511,0.016761084233774183,0.9171329953101071
1,recorded_state,132,cookies_1,0.056743759520221954,0.01677683128358294,0.9093230783482578
1,recorded_state,132,glazed_rim_porcelain_ramekin_1,-0.20254325434883783,0.24843657336413008,0.8993413527679525
1,recorded_state,132,plate_1,0.06980775401738082,0.21640431895632173,0.9024832216032852
1,recorded_state,133,akita_black_bowl_1,0.06448916590622972,0.20590823040271733,0.906832330454149
1,recorded_state,133,akita_black_bowl_2,0.05674318323804389,0.0167610842342364,0.9171329953101071
1,recorded_state,133,cookies_1,0.056743759520221954,0.016776831283583114,0.9093230783482578
1,recorded_state,133,glazed_rim_porcelain_ramekin_1,-0.20254325434883783,0.24843657336413008,0.8993413527679525
1,recorded_state,133,plate_1,0.06980775227736814,0.2164043176464432,0.9024832294083079
1,recorded_state,134,akita_black_bowl_1,0.06448916484290709,0.20590824307249714,0.9068323318420853
1,recorded_state,134,akita_black_bowl_2,0.05674318323804268,0.016761084234698617,0.9171329953101071
1,recorded_state,134,cookies_1,0.056743759520221954,0.016776831283583288,0.9093230783482578
1,recorded_state,134,glazed_rim_porcelain_ramekin_1,-0.20254325434883783,0.24843657336413008,0.8993413527679525
1,recorded_state,134,plate_1,0.06980775180565035,0.21640431729538134,0.9024832315044551
1,recorded_state,135,akita_black_bowl_1,0.06448916481482546,0.20590825571836696,0.9068323304699836
1,recorded_state,135,akita_black_bowl_2,0.056743183238041464,0.016761084235160834,0.917132995310107
1,recorded_state,135,cookies_1,0.056743759520221954,0.016776831283583465,0.9093230783482578
1,recorded_state,135,glazed_rim_porcelain_ramekin_1,-0.20254325434883783,0.24843657336413008,0.8993413527679525
1,recorded_state,135,plate_1,0.06980775167795775,0.21640431720086145,0.9024832320719629
1,recorded_state,136,akita_black_bowl_1,0.06448916506158264,0.20590826839118312,0.906832328553171
1,recorded_state,136,akita_black_bowl_2,0.05674318323804025,0.01676108423562305,0.917132995310107
1,recorded_state,136,cookies_1,0.056743759520221954,0.016776831283583638,0.9093230783482578
1,recorded_state,136,glazed_rim_porcelain_ramekin_1,-0.20254325434883783,0.24843657336413008,0.8993413527679525
1,recorded_state,136,plate_1,0.06980775164334978,0.21640431717567019,0.9024832322255697
1,settling_step,0,akita_black_bowl_1,-0.2174529565331339,0.20066078258248993,0.9530954330504452
1,settling_step,0,akita_black_bowl_2,0.056743217135020216,0.016761333553431096,0.9169196589889572
1,settling_step,0,cookies_1,0.05674377818872586,0.016776968276795822,0.9091425019454634
1,settling_step,0,glazed_rim_porcelain_ramekin_1,-0.2061899805744845,0.2027554007263493,0.8991970641687556
1,settling_step,0,plate_1,0.06942298948931576,0.21428822618266194,0.9023145976636144
1,settling_step,1,akita_black_bowl_1,-0.21859739416121646,0.2012650438318108,0.9508387123108383
1,settling_step,1,akita_black_bowl_2,0.056743170342385386,0.016760986425380604,0.9171007044653972
1,settling_step,1,cookies_1,0.05674375268416663,0.0167767773655475,0.9092925790846939
1,settling_step,1,glazed_rim_porcelain_ramekin_1,-0.20618977539012373,0.2027557375280507,0.8992913477134121
1,settling_step,1,plate_1,0.0694229525724789,0.2142882005975195,0.9024383458013098
1,settling_step,2,akita_black_bowl_1,-0.21990991341488422,0.20214883781827137,0.9393863301942831
1,settling_step,2,akita_black_bowl_2,0.0567431431867235,0.016760822389395212,0.9171833816836994
1,settling_step,2,cookies_1,0.05674373768497157,0.016776688165442533,0.9093734076519756
1,settling_step,2,glazed_rim_porcelain_ramekin_1,-0.20618942294379128,0.2027568867069217,0.8993108362034267
1,settling_step,2,plate_1,0.06942293038978925,0.2142881874267948,0.9025032855848268
1,settling_step,3,akita_black_bowl_1,-0.21938744591040896,0.2029505255275375,0.9334859158827841
1,settling_step,3,akita_black_bowl_2,0.056743141991776616,0.016760822715925144,0.9171868841080522
1,settling_step,3,cookies_1,0.05674373702617297,0.01677668837816229,0.9093769087573672
1,settling_step,3,glazed_rim_porcelain_ramekin_1,-0.20620697562840684,0.2027567770742422,0.899324288858267
1,settling_step,3,plate_1,0.06942292937637966,0.2142881872999144,0.9025062037176785
1,settling_step,4,akita_black_bowl_1,-0.21939868068617405,0.20295455437502785,0.9333628029229492
1,settling_step,4,akita_black_bowl_2,0.05674314194331623,0.01676082288599187,0.9171870330638171
1,settling_step,4,cookies_1,0.056743736999481764,0.016776688470706878,0.9093770577162965
1,settling_step,4,glazed_rim_porcelain_ramekin_1,-0.20620504458762956,0.20275691339193347,0.8993405564903408
1,settling_step,4,plate_1,0.0694229293317151,0.21428818731213828,0.9025063325762482
1,settling_step,5,akita_black_bowl_1,-0.21940157075856573,0.20295414399674144,0.9333631005415918
1,settling_step,5,akita_black_bowl_2,0.0567431419413082,0.01676082289438348,0.9171870394030037
1,settling_step,5,cookies_1,0.05674373699838624,0.01677668847517169,0.9093770640556783
1,settling_step,5,glazed_rim_porcelain_ramekin_1,-0.20620492496159734,0.2027569315034555,0.8993420017229543
1,settling_step,5,plate_1,0.06942292932974807,0.21428818731333535,0.9025063382665282
1,settling_step,6,akita_black_bowl_1,-0.21940162921868245,0.20295414836058942,0.9333631080503284
1,settling_step,6,akita_black_bowl_2,0.05674314194120587,0.016760822894878288,0.91718703967279
1,settling_step,6,cookies_1,0.05674373699834067,0.01677668847535661,0.9093770643254732
1,settling_step,6,glazed_rim_porcelain_ramekin_1,-0.20620491919648135,0.20275693222966368,0.8993420723751183
1,settling_step,6,plate_1,0.06942292932966146,0.21428818731341256,0.9025063385178065
1,settling_step,7,akita_black_bowl_1,-0.21940159080439908,0.20295416388590018,0.9333630832915222
1,settling_step,7,akita_black_bowl_2,0.05674314194118273,0.01676082289504597,0.9171870396842718
1,settling_step,7,cookies_1,0.056743736998338755,0.016776688475364347,0.9093770643369553
1,settling_step,7,glazed_rim_porcelain_ramekin_1,-0.20620491901732246,0.20275693225261582,0.8993420755051478
1,settling_step,7,plate_1,0.06942292932965761,0.21428818731341684,0.9025063385289027
1,settling_step,8,akita_black_bowl_1,-0.21940155270153155,0.20295417786250192,0.9333630542923276
1,settling_step,8,akita_black_bowl_2,0.05674314194116294,0.01676082289520001,0.9171870396847605
1,settling_step,8,cookies_1,0.05674373699833869,0.01677668847536468,0.9093770643374439
1,settling_step,8,glazed_rim_porcelain_ramekin_1,-0.2062049190118047,0.20275693225333874,0.8993420756438858
1,settling_step,8,plate_1,0.06942292932965749,0.214288187313417,0.9025063385293927
1,settling_step,9,akita_black_bowl_1,-0.2194015174209529,0.20295419013136945,0.9333630237200031
1,settling_step,9,akita_black_bowl_2,0.056743141941143334,0.01676082289535346,0.9171870396847812
1,settling_step,9,cookies_1,0.05674373699833869,0.01677668847536469,0.9093770643374647
1,settling_step,9,glazed_rim_porcelain_ramekin_1,-0.20620491901163981,0.20275693225336228,0.8993420756500079
1,settling_step,9,plate_1,0.06942292932965749,0.214288187313417,0.9025063385294143
1,settling_step,10,akita_black_bowl_1,-0.21940148461746115,0.20295420092685285,0.9333629920450366
1,settling_step,10,akita_black_bowl_2,0.05674314194112373,0.016760822895506896,0.9171870396847819
1,settling_step,10,cookies_1,0.05674373699833869,0.01677668847536469,0.9093770643374652
1,settling_step,10,glazed_rim_porcelain_ramekin_1,-0.20620491901163882,0.2027569322533637,0.8993420756502569
1,settling_step,10,plate_1,0.06942292932965749,0.214288187313417,0.902506338529415
2,recorded_state,0,akita_black_bowl_1,-0.26781048761668763,-0.14309487061726414,0.9254584906895844
2,recorded_state,0,akita_black_bowl_2,0.02710364493574462,-0.2930692727039713,1.1263997104596004
2,recorded_state,0,cookies_1,0.05644715162790038,0.029478283340289273,0.9092097974085793
2,recorded_state,0,glazed_rim_porcelain_ramekin_1,-0.20940915182926956,0.20369281163474293,0.8991595343682753
2,recorded_state,0,plate_1,0.04509201600438314,0.20625232192477289,0.9023145976636144
2,recorded_state,1,akita_black_bowl_1,-0.26781105198252037,-0.1430946762466121,0.9254653482370558
2,recorded_state,1,akita_black_bowl_2,0.027103644947470362,-0.2930692726324063,1.1263999593085126
2,recorded_state,1,cookies_1,0.0564471502823362,0.0294782822888359,0.9093271744798663
2,recorded_state,1,glazed_rim_porcelain_ramekin_1,-0.2094091517981023,0.20369281040423576,0.8992917431203737
2,recorded_state,1,plate_1,0.045092024711161485,0.20625233205026505,0.9024492662837474
2,recorded_state,2,akita_black_bowl_1,-0.2678111359278949,-0.1430946922121814,0.9254665858230915
2,recorded_state,2,akita_black_bowl_2,0.027103644947880843,-0.29306927262991994,1.1263999681505408
2,recorded_state,2,cookies_1,0.056447149665536885,0.029478281879856554,0.9093590472107405
2,recorded_state,2,glazed_rim_porcelain_ramekin_1,-0.20940915179486097,0.20369281005077006,0.8993278110039082
2,recorded_state,2,plate_1,0.04509202743820264,0.20625233567838447,0.9024859397223486
2,recorded_state,3,akita_black_bowl_1,-0.26781114730148053,-0.14309470468274635,0.9254668148345857
2,recorded_state,3,akita_black_bowl_2,0.027103644947895213,-0.29306927262983357,1.126399968464713
2,recorded_state,3,cookies_1,0.056447149444762014,0.02947828174340234,0.9093677152284176
2,recorded_state,3,glazed_rim_porcelain_ramekin_1,-0.2094091517948604,0.20369280994944772,0.8993376561131016
2,recorded_state,3,plate_1,0.04509202824791417,0.20625233683799366,0.9024959371277931
2,recorded_state,4,akita_black_bowl_1,-0.2678111485644031,-0.1430947087762267,0.9254668584399023
2,recorded_state,4,akita_black_bowl_2,0.02710364494789572,-0.2930692726298306,1.1263999684758763
2,recorded_state,4,cookies_1,0.056447149371582545,0.02947828170017708,0.90937007339995
2,recorded_state,4,glazed_rim_porcelain_ramekin_1,-0.20940915179506342,0.20369280992045155,0.8993403436372365
2,recorded_state,4,plate_1,0.04509202848425826,0.2062523371951371,0.9024986630376887
2,recorded_state,5,akita_black_bowl_1,-0.26781114862371136,-0.14309470987890285,0.9254668669763328
2,recorded_state,5,akita_black_bowl_2,0.027103644947895727,-0.2930692726298306,1.126399968476273
2,recorded_state,5,cookies_1,0.056447149348241875,0.029478281686847525,0.9093707150102053
2,recorded_state,5,glazed_rim_porcelain_ramekin_1,-0.20940915179517117,0.20369280991217173,0.8993410772898146
2,recorded_state,5,plate_1,0.04509202855273467,0.206252337303204,0.9024994063259789
2,recorded_state,6,akita_black_bowl_1,-0.2678111485977307,-0.1430947101515458,0.9254668686901419
2,recorded_state,6,akita_black_bowl_2,0.027103644947895727,-0.2930692726298306,1.1263999684762867
2,recorded_state,6,cookies_1,0.05644714934097917,0.02947828168280982,0.9093708895835875
2,recorded_state,6,glazed_rim_porcelain_ramekin_1,-0.20940915179521455,0.20369280990981287,0.8993412775663379
2,recorded_state,6,plate_1,0.04509202857248419,0.20625233733553136,0.9024996090050014
2,recorded_state,7,akita_black_bowl_1,-0.2678111485849535,-0.14309471021596384,0.9254668690417904
2,recorded_state,7,akita_black_bowl_2,0.027103644947895727,-0.2930692726298306,1.1263999684762869
2,recorded_state,7,cookies_1,0.05644714933875944,0.029478281681602988,0.9093709370829399
2,recorded_state,7,glazed_rim_porcelain_ramekin_1,-0.20940915179523012,0.2036928099091423,0.8993413322389774
2,recorded_state,7,plate_1,0.04509202857816014,0.20625233734511794,0.9024996642714896
2,recorded_state,8,akita_black_bowl_1,-0.2678111485808486,-0.14309471023078618,0.9254668691152594
2,recorded_state,8,akita_black_bowl_2,0.027103644947895727,-0.2930692726298306,1.1263999684762869
2,recorded_state,8,cookies_1,0.056447149338090294,0.029478281681246075,0.9093709500069758
2,recorded_state,8,glazed_rim_porcelain_ramekin_1,-0.2094091517952354,0.20369280990895205,0.8993413471638334
2,recorded_state,8,plate_1,0.04509202857978647,0.2062523373479406,0.9024996793415632
2,recorded_state,9,akita_black_bowl_1,-0.2678111485797055,-0.14309471023414205,0.9254668691308333
2,recorded_state,9,akita_black_bowl_2,0.027103644947895727,-0.2930692726298306,1.1263999684762869
2,recorded_state,9,cookies_1,0.05644714933789079,0.02947828168114144,0.9093709535234611
2,recorded_state,9,glazed_rim_porcelain_ramekin_1,-0.20940915179523711,0.20369280990889818,0.899341351238108
2,recorded_state,9,plate_1,0.045092028580251214,0.20625233734876666,0.902499683450874
2,recorded_state,10,akita_black_bowl_1,-0.26781114857940896,-0.14309471023489415,0.9254668691341722
2,recorded_state,10,akita_black_bowl_2,0.027103644947895727,-0.2930692726298306,1.1263999684762869
2,recorded_state,10,cookies_1,0.056447149337831834,0.029478281681110982,0.9093709544802573
2,recorded_state,10,glazed_rim_porcelain_ramekin_1,-0.2094091517952377,0.20369280990888292,0.8993413523503272
2,recorded_state,10,plate_1,0.045092028580383706,0.20625233734900722,0.9024996845714018
2,recorded_state,11,akita_black_bowl_1,-0.26781114857933525,-0.14309471023506165,0.9254668691348943
2,recorded_state,11,akita_black_bowl_2,0.027103644947895727,-0.2930692726298306,1.1263999684762869
2,recorded_state,11,cookies_1,0.05644714933781455,0.029478281681102177,0.909370954740591
2,recorded_state,11,glazed_rim_porcelain_ramekin_1,-0.2094091517952377,0.2036928099088786,0.8993413526539474
2,recorded_state,11,plate_1,0.04509202858042139,0.20625233734907686,0.9024996848769475
2,recorded_state,12,akita_black_bowl_1,-0.2678111485793173,-0.14309471023509884,0.9254668691350515
2,recorded_state,12,akita_black_bowl_2,0.027103644947895727,-0.2930692726298306,1.1263999684762869
2,recorded_state,12,cookies_1,0.056447149337809505,0.02947828168109965,0.909370954811425
2,recorded_state,12,glazed_rim_porcelain_ramekin_1,-0.2094091517952377,0.20369280990887742,0.8993413527368315
2,recorded_state,12,plate_1,0.045092028580432104,0.206252337349097,0.9024996849602641
2,recorded_state,13,akita_black_bowl_1,-0.26781114857931304,-0.143094710235107,0.9254668691350858
2,recorded_state,13,akita_black_bowl_2,0.027103644947895727,-0.2930692726298306,1.1263999684762869
2,recorded_state,13,cookies_1,0.05644714933780804,0.029478281681098922,0.9093709548306982
2,recorded_state,13,glazed_rim_porcelain_ramekin_1,-0.2094091517952377,0.20369280990887711,0.8993413527594578
2,recorded_state,13,plate_1,0.04509202858043513,0.20625233734910284,0.9024996849829828
2,recorded_state,14,akita_black_bowl_1,-0.2678111485793121,-0.14309471023510878,0.9254668691350932
2,recorded_state,14,akita_black_bowl_2,0.027103644947895727,-0.2930692726298306,1.1263999684762869
2,recorded_state,14,cookies_1,0.05644714933780762,0.029478281681098714,0.9093709548359422
2,recorded_state,14,glazed_rim_porcelain_ramekin_1,-0.2094091517952377,0.20369280990887711,0.8993413527656344
2,recorded_state,14,plate_1,0.04509202858043599,0.2062523373491045,0.902499684989178
2,recorded_state,15,akita_black_bowl_1,-0.2678111485793121,-0.1430947102351091,0.9254668691350949
2,recorded_state,15,akita_black_bowl_2,0.027103644947895727,-0.2930692726298306,1.1263999684762869
2,recorded_state,15,cookies_1,0.05644714933780749,0.02947828168109865,0.9093709548373689
2,recorded_state,15,glazed_rim_porcelain_ramekin_1,-0.2094091517952377,0.20369280990887711,0.8993413527673203
2,recorded_state,15,plate_1,0.04509202858043623,0.206252337349105,0.9024996849908674
2,recorded_state,16,akita_black_bowl_1,-0.2678111485793121,-0.1430947102351091,0.9254668691350951
2,recorded_state,16,akita_black_bowl_2,0.027103644947895727,-0.2930692726298306,1.1263999684762869
2,recorded_state,16,cookies_1,0.05644714933780749,0.02947828168109865,0.9093709548377573
2,recorded_state,16,glazed_rim_porcelain_ramekin_1,-0.2094091517952377,0.20369280990887711,0.8993413527677806
2,recorded_state,16,plate_1,0.04509202858043628,0.206252337349105,0.9024996849913278
2,recorded_state,17,akita_black_bowl_1,-0.2678111485793121,-0.1430947102351091,0.9254668691350951
2,recorded_state,17,akita_black_bowl_2,0.027103644947895727,-0.2930692726298306,1.1263999684762869
2,recorded_state,17,cookies_1,0.05644714933780749,0.02947828168109865,0.9093709548378627
2,recorded_state,17,glazed_rim_porcelain_ramekin_1,-0.2094091517952377,0.20369280990887711,0.8993413527679063
2,recorded_state,17,plate_1,0.04509202858043628,0.206252337349105,0.9024996849914534
2,recorded_state,18,akita_black_bowl_1,-0.2678111485793121,-0.1430947102351091,0.9254668691350951
2,recorded_state,18,akita_black_bowl_2,0.027103644947895727,-0.2930692726298306,1.1263999684762869
2,recorded_state,18,cookies_1,0.05644714933780749,0.02947828168109865,0.9093709548378914
2,recorded_state,18,glazed_rim_porcelain_ramekin_1,-0.2094091517952377,0.20369280990887711,0.8993413527679406
2,recorded_state,18,plate_1,0.04509202858043628,0.206252337349105,0.9024996849914875
2,recorded_state,19,akita_black_bowl_1,-0.2678111485793121,-0.1430947102351091,0.9254668691350951
2,recorded_state,19,akita_black_bowl_2,0.027103644947895727,-0.2930692726298306,1.1263999684762869
2,recorded_state,19,cookies_1,0.05644714933780749,0.02947828168109865,0.9093709548378993
2,recorded_state,19,glazed_rim_porcelain_ramekin_1,-0.2094091517952377,0.20369280990887711,0.89934135276795
2,recorded_state,19,plate_1,0.04509202858043628,0.206252337349105,0.9024996849914969
2,recorded_state,20,akita_black_bowl_1,-0.2678111485793121,-0.1430947102351091,0.9254668691350951
2,recorded_state,20,akita_black_bowl_2,0.027103644947895727,-0.2930692726298306,1.1263999684762869
2,recorded_state,20,cookies_1,0.05644714933780749,0.02947828168109865,0.9093709548379013
2,recorded_state,20,glazed_rim_porcelain_ramekin_1,-0.2094091517952377,0.20369280990887711,0.8993413527679525
2,recorded_state,20,plate_1,0.04509202858043628,0.206252337349105,0.9024996849914995
2,recorded_state,21,akita_black_bowl_1,-0.2678111485793121,-0.1430947102351091,0.9254668691350951
2,recorded_state,21,akita_black_bowl_2,0.027103644947895727,-0.2930692726298306,1.1263999684762869
2,recorded_state,21,cookies_1,0.05644714933780749,0.02947828168109865,0.9093709548379013
2,recorded_state,21,glazed_rim_porcelain_ramekin_1,-0.2094091517952377,0.20369280990887711,0.8993413527679525
2,recorded_state,21,plate_1,0.04509202858043628,0.206252337349105,0.9024996849914995
2,recorded_state,22,akita_black_bowl_1,-0.2678111485793121,-0.1430947102351091,0.9254668691350951
2,recorded_state,22,akita_black_bowl_2,0.027103644947895727,-0.2930692726298306,1.1263999684762869
2,recorded_state,22,cookies_1,0.05644714933780749,0.02947828168109865,0.9093709548379013
2,recorded_state,22,glazed_rim_porcelain_ramekin_1,-0.2094091517952377,0.20369280990887711,0.8993413527679525
2,recorded_state,22,plate_1,0.04509202858043628,0.206252337349105,0.9024996849914995
2,recorded_state,23,akita_black_bowl_1,-0.2678111485793121,-0.1430947102351091,0.9254668691350951
2,recorded_state,23,akita_black_bowl_2,0.027103644947895727,-0.2930692726298306,1.1263999684762869
2,recorded_state,23,cookies_1,0.05644714933780749,0.02947828168109865,0.9093709548379013
2,recorded_state,23,glazed_rim_porcelain_ramekin_1,-0.2094091517952377,0.20369280990887711,0.8993413527679525
2,recorded_state,23,plate_1,0.04509202858043628,0.206252337349105,0.9024996849914995
2,recorded_state,24,akita_black_bowl_1,-0.2678111485793121,-0.1430947102351091,0.9254668691350951
2,recorded_state,24,akita_black_bowl_2,0.027103644947895727,-0.2930692726298306,1.1263999684762869
2,recorded_state,24,cookies_1,0.05644714933780749,0.02947828168109865,0.9093709548379013
2,recorded_state,24,glazed_rim_porcelain_ramekin_1,-0.2094091517952377,0.20369280990887711,0.8993413527679525
2,recorded_state,24,plate_1,0.04509202858043628,0.206252337349105,0.9024996849914995
2,recorded_state,25,akita_black_bowl_1,-0.2678111485793121,-0.1430947102351091,0.9254668691350952
2,recorded_state,25,akita_black_bowl_2,0.027103644947895727,-0.2930692726298306,1.1263999684762869
2,recorded_state,25,cookies_1,0.05644714933780749,0.02947828168109865,0.9093709548379013
2,recorded_state,25,glazed_rim_porcelain_ramekin_1,-0.2094091517952377,0.20369280990887711,0.8993413527679525
2,recorded_state,25,plate_1,0.04509202858043628,0.206252337349105,0.9024996849914995
2,recorded_state,26,akita_black_bowl_1,-0.2678111485793121,-0.1430947102351091,0.9254668691350952
2,recorded_state,26,akita_black_bowl_2,0.027103644947895727,-0.2930692726298306,1.1263999684762869
2,recorded_state,26,cookies_1,0.05644714933780749,0.02947828168109865,0.9093709548379013
2,recorded_state,26,glazed_rim_porcelain_ramekin_1,-0.2094091517952377,0.20369280990887711,0.8993413527679525
2,recorded_state,26,plate_1,0.04509202858043628,0.206252337349105,0.9024996849914995
2,recorded_state,27,akita_black_bowl_1,-0.2678111485793121,-0.1430947102351091,0.9254668691350952
2,recorded_state,27,akita_black_bowl_2,0.027103644947895727,-0.2930692726298306,1.1263999684762869
2,recorded_state,27,cookies_1,0.05644714933780749,0.02947828168109865,0.9093709548379013
2,recorded_state,27,glazed_rim_porcelain_ramekin_1,-0.2094091517952377,0.20369280990887711,0.8993413527679525
2,recorded_state,27,plate_1,0.04509202858043628,0.206252337349105,0.9024996849914995
2,recorded_state,28,akita_black_bowl_1,-0.2678111485793121,-0.1430947102351091,0.9254668691350952
2,recorded_state,28,akita_black_bowl_2,0.027103644947895727,-0.2930692726298306,1.1263999684762869
2,recorded_state,28,cookies_1,0.05644714933780749,0.02947828168109865,0.9093709548379013
2,recorded_state,28,glazed_rim_porcelain_ramekin_1,-0.2094091517952377,0.20369280990887711,0.8993413527679525
2,recorded_state,28,plate_1,0.04509202858043628,0.206252337349105,0.9024996849914995
2,recorded_state,29,akita_black_bowl_1,-0.2678111485793121,-0.1430947102351091,0.9254668691350952
2,recorded_state,29,akita_black_bowl_2,0.027103644947895727,-0.2930692726298306,1.1263999684762869
2,recorded_state,29,cookies_1,0.05644714933780749,0.02947828168109865,0.9093709548379013
2,recorded_state,29,glazed_rim_porcelain_ramekin_1,-0.2094091517952377,0.20369280990887711,0.8993413527679525
2,recorded_state,29,plate_1,0.04509202858043628,0.206252337349105,0.9024996849914995
2,recorded_state,30,akita_black_bowl_1,-0.2678111485793121,-0.1430947102351091,0.9254668691350952
2,recorded_state,30,akita_black_bowl_2,0.027103644947895727,-0.2930692726298306,1.1263999684762869
2,recorded_state,30,cookies_1,0.05644714933780749,0.02947828168109865,0.9093709548379013
2,recorded_state,30,glazed_rim_porcelain_ramekin_1,-0.2094091517952377,0.20369280990887711,0.8993413527679525
2,recorded_state,30,plate_1,0.04509202858043628,0.206252337349105,0.9024996849914995
2,recorded_state,31,akita_black_bowl_1,-0.2678111485793121,-0.1430947102351091,0.9254668691350952
2,recorded_state,31,akita_black_bowl_2,0.027103644947895727,-0.2930692726298306,1.1263999684762869
2,recorded_state,31,cookies_1,0.05644714933780749,0.02947828168109865,0.9093709548379013
2,recorded_state,31,glazed_rim_porcelain_ramekin_1,-0.2094091517952377,0.20369280990887711,0.8993413527679525
2,recorded_state,31,plate_1,0.04509202858043628,0.206252337349105,0.9024996849914995
2,recorded_state,32,akita_black_bowl_1,-0.2678111485793121,-0.1430947102351091,0.9254668691350952
2,recorded_state,32,akita_black_bowl_2,0.027103644947895727,-0.2930692726298306,1.1263999684762869
2,recorded_state,32,cookies_1,0.05644714933780749,0.02947828168109865,0.9093709548379013
2,recorded_state,32,glazed_rim_porcelain_ramekin_1,-0.2094091517952377,0.20369280990887711,0.8993413527679525
2,recorded_state,32,plate_1,0.04509202858043628,0.206252337349105,0.9024996849914995
2,recorded_state,33,akita_black_bowl_1,-0.2678111485793121,-0.1430947102351091,0.9254668691350952
2,recorded_state,33,akita_black_bowl_2,0.027103644947895727,-0.2930692726298306,1.1263999684762869
2,recorded_state,33,cookies_1,0.05644714933780749,0.02947828168109865,0.9093709548379013
2,recorded_state,33,glazed_rim_porcelain_ramekin_1,-0.2094091517952377,0.20369280990887711,0.8993413527679525
2,recorded_state,33,plate_1,0.04509202858043628,0.206252337349105,0.9024996849914995
2,recorded_state,34,akita_black_bowl_1,-0.2678111485793121,-0.1430947102351091,0.9254668691350952
2,recorded_state,34,akita_black_bowl_2,0.027103644947895727,-0.2930692726298306,1.1263999684762869
2,recorded_state,34,cookies_1,0.05644714933780749,0.02947828168109865,0.9093709548379013
2,recorded_state,34,glazed_rim_porcelain_ramekin_1,-0.2094091517952377,0.20369280990887711,0.8993413527679525
2,recorded_state,34,plate_1,0.04509202858043628,0.206252337349105,0.9024996849914995
2,recorded_state,35,akita_black_bowl_1,-0.2678111485793121,-0.1430947102351091,0.9254668691350952
2,recorded_state,35,akita_black_bowl_2,0.027103644947895727,-0.2930692726298306,1.1263999684762869
2,recorded_state,35,cookies_1,0.05644714933780749,0.02947828168109865,0.9093709548379013
2,recorded_state,35,glazed_rim_porcelain_ramekin_1,-0.2094091517952377,0.20369280990887711,0.8993413527679525
2,recorded_state,35,plate_1,0.04509202858043628,0.206252337349105,0.9024996849914995
2,recorded_state,36,akita_black_bowl_1,-0.26780848735976087,-0.14309537054834517,0.9254591592980106
2,recorded_state,36,akita_black_bowl_2,0.027103644947895727,-0.2930692726298306,1.1263999684762869
2,recorded_state,36,cookies_1,0.05644714933780749,0.02947828168109865,0.9093709548379013
2,recorded_state,36,glazed_rim_porcelain_ramekin_1,-0.2094091517952377,0.20369280990887711,0.8993413527679525
2,recorded_state,36,plate_1,0.04509202858043628,0.206252337349105,0.9024996849914995
2,recorded_state,37,akita_black_bowl_1,-0.2678182672342311,-0.14313306337527665,0.9253539896932486
2,recorded_state,37,akita_black_bowl_2,0.027103644947895727,-0.2930692726298306,1.1263999684762869
2,recorded_state,37,cookies_1,0.05644714933780749,0.02947828168109865,0.9093709548379013
2,recorded_state,37,glazed_rim_porcelain_ramekin_1,-0.2094091517952377,0.20369280990887711,0.8993413527679525
2,recorded_state,37,plate_1,0.04509202858043628,0.206252337349105,0.9024996849914995
2,recorded_state,38,akita_black_bowl_1,-0.26784010280016657,-0.1431547442675079,0.9253162388530842
2,recorded_state,38,akita_black_bowl_2,0.027103644947895727,-0.2930692726298306,1.1263999684762869
2,recorded_state,38,cookies_1,0.05644714933780749,0.02947828168109865,0.9093709548379013
2,recorded_state,38,glazed_rim_porcelain_ramekin_1,-0.2094091517952377,0.20369280990887711,0.8993413527679525
2,recorded_state,38,plate_1,0.04509202858043628,0.206252337349105,0.9024996849914995
2,recorded_state,39,akita_black_bowl_1,-0.2678573586182207,-0.1431594667963768,0.9252955047611179
2,recorded_state,39,akita_black_bowl_2,0.027103644947895727,-0.2930692726298306,1.1263999684762869
2,recorded_state,39,cookies_1,0.05644714933780749,0.02947828168109865,0.9093709548379013
2,recorded_state,39,glazed_rim_porcelain_ramekin_1,-0.2094091517952377,0.20369280990887711,0.8993413527679525
2,recorded_state,39,plate_1,0.04509202858043628,0.206252337349105,0.9024996849914995
2,recorded_state,40,akita_black_bowl_1,-0.2678723343804564,-0.14316388509466696,0.9252720733817886
2,recorded_state,40,akita_black_bowl_2,0.027103644947895727,-0.2930692726298306,1.1263999684762869
2,recorded_state,40,cookies_1,0.05644714933780749,0.02947828168109865,0.9093709548379013
2,recorded_state,40,glazed_rim_porcelain_ramekin_1,-0.2094091517952377,0.20369280990887711,0.8993413527679525
2,recorded_state,40,plate_1,0.04509202858043628,0.206252337349105,0.9024996849914995
2,recorded_state,41,akita_black_bowl_1,-0.267878674466634,-0.1431752018000879,0.9252500050196862
2,recorded_state,41,akita_black_bowl_2,0.027103644947895727,-0.2930692726298306,1.1263999684762869
2,recorded_state,41,cookies_1,0.05644714933780749,0.02947828168109865,0.9093709548379013
2,recorded_state,41,glazed_rim_porcelain_ramekin_1,-0.2094091517952377,0.20369280990887711,0.8993413527679525
2,recorded_state,41,plate_1,0.04509202858043628,0.206252337349105,0.9024996849914995
2,recorded_state,42,akita_black_bowl_1,-0.2678785383934984,-0.14319394748306635,0.9252407056007999
2,recorded_state,42,akita_black_bowl_2,0.027103644947895727,-0.2930692726298306,1.1263999684762869
2,recorded_state,42,cookies_1,0.05644714933780749,0.02947828168109865,0.9093709548379013
2,recorded_state,42,glazed_rim_porcelain_ramekin_1,-0.2094091517952377,0.20369280990887711,0.8993413527679525
2,recorded_state,42,plate_1,0.04509202858043628,0.206252337349105,0.9024996849914995
2,recorded_state,43,akita_black_bowl_1,-0.2678675091059025,-0.1432035186463375,0.9252462643381666
2,recorded_state,43,akita_black_bowl_2,0.027103644947895727,-0.2930692726298306,1.1263999684762869
2,recorded_state,43,cookies_1,0.05644714933780749,0.02947828168109865,0.9093709548379013
2,recorded_state,43,glazed_rim_porcelain_ramekin_1,-0.2094091517952377,0.20369280990887711,0.8993413527679525
2,recorded_state,43,plate_1,0.04509202858043628,0.206252337349105,0.9024996849914995
2,recorded_state,44,akita_black_bowl_1,-0.26785190560906313,-0.14319973122755947,0.9252622652043164
2,recorded_state,44,akita_black_bowl_2,0.027103644947895727,-0.2930692726298306,1.1263999684762869
2,recorded_state,44,cookies_1,0.05644714933780749,0.02947828168109865,0.9093709548379013
2,recorded_state,44,glazed_rim_porcelain_ramekin_1,-0.2094091517952377,0.20369280990887711,0.8993413527679525
2,recorded_state,44,plate_1,0.04509202858043628,0.206252337349105,0.9024996849914995
2,recorded_state,45,akita_black_bowl_1,-0.26783323225326594,-0.1431859950212463,0.9252801958190381
2,recorded_state,45,akita_black_bowl_2,0.027103644947895727,-0.2930692726298306,1.1263999684762869
2,recorded_state,45,cookies_1,0.05644714933780749,0.02947828168109865,0.9093709548379013
2,recorded_state,45,glazed_rim_porcelain_ramekin_1,-0.2094091517952377,0.20369280990887711,0.8993413527679525
2,recorded_state,45,plate_1,0.04509202858043628,0.206252337349105,0.9024996849914995
2,recorded_state,46,akita_black_bowl_1,-0.26781725492050856,-0.143178200430583,0.9252962866227306
2,recorded_state,46,akita_black_bowl_2,0.027103644947895727,-0.2930692726298306,1.1263999684762869
2,recorded_state,46,cookies_1,0.05644714933780749,0.02947828168109865,0.9093709548379013
2,recorded_state,46,glazed_rim_porcelain_ramekin_1,-0.2094091517952377,0.20369280990887711,0.8993413527679525
2,recorded_state,46,plate_1,0.04509202858043628,0.206252337349105,0.9024996849914995
2,recorded_state,47,akita_black_bowl_1,-0.26781027725686557,-0.1431871002678254,0.9253142095872379
2,recorded_state,47,akita_black_bowl_2,0.027103644947895727,-0.2930692726298306,1.1263999684762869
2,recorded_state,47,cookies_1,0.05644714933780749,0.02947828168109865,0.9093709548379013
2,recorded_state,47,glazed_rim_porcelain_ramekin_1,-0.2094091517952377,0.20369280990887711,0.8993413527679525
2,recorded_state,47,plate_1,0.04509202858043628,0.206252337349105,0.9024996849914995
2,recorded_state,48,akita_black_bowl_1,-0.2678081215710832,-0.1431995971472665,0.9253299051950928
2,recorded_state,48,akita_black_bowl_2,0.027103644947895727,-0.2930692726298306,1.1263999684762869
2,recorded_state,48,cookies_1,0.05644714933780749,0.02947828168109865,0.9093709548379013
2,recorded_state,48,glazed_rim_porcelain_ramekin_1,-0.2094091517952377,0.20369280990887711,0.8993413527679525
2,recorded_state,48,plate_1,0.04509202858043628,0.206252337349105,0.9024996849914995
2,recorded_state,49,akita_black_bowl_1,-0.2678128520298394,-0.1432057135425814,0.9253539335036236
2,recorded_state,49,akita_black_bowl_2,0.027103644947895727,-0.2930692726298306,1.1263999684762869
2,recorded_state,49,cookies_1,0.05644714933780749,0.02947828168109865,0.9093709548379013
2,recorded_state,49,glazed_rim_porcelain_ramekin_1,-0.2094091517952377,0.20369280990887711,0.8993413527679525
2,recorded_state,49,plate_1,0.04509202858043628,0.206252337349105,0.9024996849914995
2,recorded_state,50,akita_black_bowl_1,-0.26782890006661536,-0.1432117674367275,0.9253713427971234
2,recorded_state,50,akita_black_bowl_2,0.027103644947895727,-0.2930692726298306,1.1263999684762869
2,recorded_state,50,cookies_1,0.05644714933780749,0.02947828168109865,0.9093709548379013
2,recorded_state,50,glazed_rim_porcelain_ramekin_1,-0.2094091517952377,0.20369280990887711,0.8993413527679525
2,recorded_state,50,plate_1,0.04509202858043628,0.206252337349105,0.9024996849914995
2,recorded_state,51,akita_black_bowl_1,-0.2678402884599958,-0.14322971175847596,0.9253789216658186
2,recorded_state,51,akita_black_bowl_2,0.027103644947895727,-0.2930692726298306,1.1263999684762869
2,recorded_state,51,cookies_1,0.05644714933780749,0.02947828168109865,0.9093709548379013
2,recorded_state,51,glazed_rim_porcelain_ramekin_1,-0.2094091517952377,0.20369280990887711,0.8993413527679525
2,recorded_state,51,plate_1,0.04509202858043628,0.206252337349105,0.9024996849914995
2,recorded_state,52,akita_black_bowl_1,-0.2678448487350352,-0.14324971215117785,0.9253799091584874
2,recorded_state,52,akita_black_bowl_2,0.027103644947895727,-0.2930692726298306,1.1263999684762869
2,recorded_state,52,cookies_1,0.05644714933780749,0.02947828168109865,0.9093709548379013
2,recorded_state,52,glazed_rim_porcelain_ramekin_1,-0.2094091517952377,0.20369280990887711,0.8993413527679525
2,recorded_state,52,plate_1,0.04509202858043628,0.206252337349105,0.9024996849914995
2,recorded_state,53,akita_black_bowl_1,-0.26784495759757865,-0.143265355100854,0.9253858047084647
2,recorded_state,53,akita_black_bowl_2,0.027103644947895727,-0.2930692726298306,1.1263999684762869
2,recorded_state,53,cookies_1,0.05644714933780749,0.02947828168109865,0.9093709548379013
2,recorded_state,53,glazed_rim_porcelain_ramekin_1,-0.2094091517952377,0.20369280990887711,0.8993413527679525
2,recorded_state,53,plate_1,0.04509202858043628,0.206252337349105,0.9024996849914995
2,recorded_state,54,akita_black_bowl_1,-0.2678441048210033,-0.14326544973968794,0.9254094933029721
2,recorded_state,54,akita_black_bowl_2,0.027103644947895727,-0.2930692726298306,1.1263999684762869
2,recorded_state,54,cookies_1,0.05644714933780749,0.02947828168109865,0.9093709548379013
2,recorded_state,54,glazed_rim_porcelain_ramekin_1,-0.2094091517952377,0.20369280990887711,0.8993413527679525
2,recorded_state,54,plate_1,0.04509202858043628,0.206252337349105,0.9024996849914995
2,recorded_state,55,akita_black_bowl_1,-0.26784178481800014,-0.1432556687220903,0.9254058744847146
2,recorded_state,55,akita_black_bowl_2,0.027103644947895727,-0.2930692726298306,1.1263999684762869
2,recorded_state,55,cookies_1,0.05644714933780749,0.02947828168109865,0.9093709548379013
2,recorded_state,55,glazed_rim_porcelain_ramekin_1,-0.2094091517952377,0.20369280990887711,0.8993413527679525
2,recorded_state,55,plate_1,0.04509202858043628,0.206252337349105,0.9024996849914995
2,recorded_state,56,akita_black_bowl_1,-0.2678393304088041,-0.14324105694501704,0.9254000505041132
2,recorded_state,56,akita_black_bowl_2,0.027103644947895727,-0.2930692726298306,1.1263999684762869
2,recorded_state,56,cookies_1,0.05644714933780749,0.02947828168109865,0.9093709548379013
2,recorded_state,56,glazed_rim_porcelain_ramekin_1,-0.2094091517952377,0.20369280990887711,0.8993413527679525
2,recorded_state,56,plate_1,0.04509202858043628,0.206252337349105,0.9024996849914995
2,recorded_state,57,akita_black_bowl_1,-0.2678381715583735,-0.14321626998726372,0.9254246212712434
2,recorded_state,57,akita_black_bowl_2,0.027103644947895727,-0.2930692726298306,1.1263999684762869
2,recorded_state,57,cookies_1,0.05644714933780749,0.02947828168109865,0.9093709548379013
2,recorded_state,57,glazed_rim_porcelain_ramekin_1,-0.2094091517952377,0.20369280990887711,0.8993413527679525
2,recorded_state,57,plate_1,0.04509202858043628,0.206252337349105,0.9024996849914995
2,recorded_state,58,akita_black_bowl_1,-0.2678372127358509,-0.14316827304219018,0.9259909314302772
2,recorded_state,58,akita_black_bowl_2,0.027103644947895727,-0.2930692726298306,1.1263999684762869
2,recorded_state,58,cookies_1,0.05644714933780749,0.02947828168109865,0.9093709548379013
2,recorded_state,58,glazed_rim_porcelain_ramekin_1,-0.2094091517952377,0.20369280990887711,0.8993413527679525
2,recorded_state,58,plate_1,0.04509202858043628,0.206252337349105,0.9024996849914995
2,recorded_state,59,akita_black_bowl_1,-0.2673428592763361,-0.14538229407217834,0.9294721471741302
2,recorded_state,59,akita_black_bowl_2,0.027103644947895727,-0.2930692726298306,1.1263999684762869
2,recorded_state,59,cookies_1,0.05644714933780749,0.02947828168109865,0.9093709548379013
2,recorded_state,59,glazed_rim_porcelain_ramekin_1,-0.2094091517952377,0.20369280990887711,0.8993413527679525
2,recorded_state,59,plate_1,0.04509202858043628,0.206252337349105,0.9024996849914995
2,recorded_state,60,akita_black_bowl_1,-0.26027239897067633,-0.14816746221857016,0.9308331661342977
2,recorded_state,60,akita_black_bowl_2,0.027103644947895727,-0.2930692726298306,1.1263999684762869
2,recorded_state,60,cookies_1,0.05644714933780749,0.02947828168109865,0.9093709548379013
2,recorded_state,60,glazed_rim_porcelain_ramekin_1,-0.2094091517952377,0.20369280990887711,0.8993413527679525
2,recorded_state,60,plate_1,0.04509202858043628,0.206252337349105,0.9024996849914995
2,recorded_state,61,akita_black_bowl_1,-0.2544470784480173,-0.1491742657017076,0.9322312920074951
2,recorded_state,61,akita_black_bowl_2,0.027103644947895727,-0.2930692726298306,1.1263999684762869
2,recorded_state,61,cookies_1,0.05644714933780749,0.02947828168109865,0.9093709548379013
2,recorded_state,61,glazed_rim_porcelain_ramekin_1,-0.2094091517952377,0.20369280990887711,0.8993413527679525
2,recorded_state,61,plate_1,0.04509202858043628,0.206252337349105,0.9024996849914995
2,recorded_state,62,akita_black_bowl_1,-0.25342832408924526,-0.15071354275388857,0.9356183625036589
2,recorded_state,62,akita_black_bowl_2,0.027103644947895727,-0.2930692726298306,1.1263999684762869
2,recorded_state,62,cookies_1,0.05644714933780749,0.02947828168109865,0.9093709548379013
2,recorded_state,62,glazed_rim_porcelain_ramekin_1,-0.2094091517952377,0.20369280990887711,0.8993413527679525
2,recorded_state,62,plate_1,0.04509202858043628,0.206252337349105,0.9024996849914995
2,recorded_state,63,akita_black_bowl_1,-0.25354633706548,-0.15258913658856088,0.9401571491561892
2,recorded_state,63,akita_black_bowl_2,0.027103644947895727,-0.2930692726298306,1.1263999684762869
2,recorded_state,63,cookies_1,0.05644714933780749,0.02947828168109865,0.9093709548379013
2,recorded_state,63,glazed_rim_porcelain_ramekin_1,-0.2094091517952377,0.20369280990887711,0.8993413527679525
2,recorded_state,63,plate_1,0.04509202858043628,0.206252337349105,0.9024996849914995
2,recorded_state,64,akita_black_bowl_1,-0.2531141071084967,-0.15399546469994896,0.9448076984465065
2,recorded_state,64,akita_black_bowl_2,0.027103644947895727,-0.2930692726298306,1.1263999684762869
2,recorded_state,64,cookies_1,0.05644714933780749,0.02947828168109865,0.9093709548379013
2,recorded_state,64,glazed_rim_porcelain_ramekin_1,-0.2094091517952377,0.20369280990887711,0.8993413527679525
2,recorded_state,64,plate_1,0.04509202858043628,0.206252337349105,0.9024996849914995
2,recorded_state,65,akita_black_bowl_1,-0.25231723385703037,-0.15479141357420864,0.9497420496970198
2,recorded_state,65,akita_black_bowl_2,0.027103644947895727,-0.2930692726298306,1.1263999684762869
2,recorded_state,65,cookies_1,0.05644714933780749,0.02947828168109865,0.9093709548379013
2,recorded_state,65,glazed_rim_porcelain_ramekin_1,-0.2094091517952377,0.20369280990887711,0.8993413527679525
2,recorded_state,65,plate_1,0.04509202858043628,0.206252337349105,0.9024996849914995
2,recorded_state,66,akita_black_bowl_1,-0.2517496507514092,-0.15528302936238506,0.9547458644301745
2,recorded_state,66,akita_black_bowl_2,0.027103644947895727,-0.2930692726298306,1.1263999684762869
2,recorded_state,66,cookies_1,0.05644714933780749,0.02947828168109865,0.9093709548379013
2,recorded_state,66,glazed_rim_porcelain_ramekin_1,-0.2094091517952377,0.20369280990887711,0.8993413527679525
2,recorded_state,66,plate_1,0.04509202858043628,0.206252337349105,0.9024996849914995
2,recorded_state,67,akita_black_bowl_1,-0.2514492371233001,-0.1563566020464205,0.960737483725652
2,recorded_state,67,akita_black_bowl_2,0.027103644947895727,-0.2930692726298306,1.1263999684762869
2,recorded_state,67,cookies_1,0.05644714933780749,0.02947828168109865,0.9093709548379013
2,recorded_state,67,glazed_rim_porcelain_ramekin_1,-0.2094091517952377,0.20369280990887711,0.8993413527679525
2,recorded_state,67,plate_1,0.04509202858043628,0.206252337349105,0.9024996849914995
2,recorded_state,68,akita_black_bowl_1,-0.24935721339337197,-0.15522069025838364,0.9663380252355503
2,recorded_state,68,akita_black_bowl_2,0.027103644947895727,-0.2930692726298306,1.1263999684762869
2,recorded_state,68,cookies_1,0.05644714933780749,0.02947828168109865,0.9093709548379013
2,recorded_state,68,glazed_rim_porcelain_ramekin_1,-0.2094091517952377,0.20369280990887711,0.8993413527679525
2,recorded_state,68,plate_1,0.04509202858043628,0.206252337349105,0.9024996849914995
2,recorded_state,69,akita_black_bowl_1,-0.2465668981439259,-0.15308829694651266,0.9723176574124881
2,recorded_state,69,akita_black_bowl_2,0.027103644947895727,-0.2930692726298306,1.1263999684762869
2,recorded_state,69,cookies_1,0.05644714933780749,0.02947828168109865,0.9093709548379013
2,recorded_state,69,glazed_rim_porcelain_ramekin_1,-0.2094091517952377,0.20369280990887711,0.8993413527679525
2,recorded_state,69,plate_1,0.04509202858043628,0.206252337349105,0.9024996849914995
2,recorded_state,70,akita_black_bowl_1,-0.24318282503200436,-0.1501508171439117,0.9787935143090677
2,recorded_state,70,akita_black_bowl_2,0.027103644947895727,-0.2930692726298306,1.1263999684762869
2,recorded_state,70,cookies_1,0.05644714933780749,0.02947828168109865,0.9093709548379013
2,recorded_state,70,glazed_rim_porcelain_ramekin_1,-0.2094091517952377,0.20369280990887711,0.8993413527679525
2,recorded_state,70,plate_1,0.04509202858043628,0.206252337349105,0.9024996849914995
2,recorded_state,71,akita_black_bowl_1,-0.23924464659597766,-0.14622369017408648,0.9855441184028948
2,recorded_state,71,akita_black_bowl_2,0.027103644947895727,-0.2930692726298306,1.1263999684762869
2,recorded_state,71,cookies_1,0.05644714933780749,0.02947828168109865,0.9093709548379013
2,recorded_state,71,glazed_rim_porcelain_ramekin_1,-0.2094091517952377,0.20369280990887711,0.8993413527679525
2,recorded_state,71,plate_1,0.04509202858043628,0.206252337349105,0.9024996849914995
2,recorded_state,72,akita_black_bowl_1,-0.2346861885815046,-0.14124388647376585,0.9924356137480163
2,recorded_state,72,akita_black_bowl_2,0.027103644947895727,-0.2930692726298306,1.1263999684762869
2,recorded_state,72,cookies_1,0.05644714933780749,0.02947828168109865,0.9093709548379013
2,recorded_state,72,glazed_rim_porcelain_ramekin_1,-0.2094091517952377,0.20369280990887711,0.8993413527679525
2,recorded_state,72,plate_1,0.04509202858043628,0.206252337349105,0.9024996849914995
2,recorded_state,73,akita_black_bowl_1,-0.22979914044163519,-0.13534253139468175,0.9993813527822402
2,recorded_state,73,akita_black_bowl_2,0.027103644947895727,-0.2930692726298306,1.1263999684762869
2,recorded_state,73,cookies_1,0.05644714933780749,0.02947828168109865,0.9093709548379013
2,recorded_state,73,glazed_rim_porcelain_ramekin_1,-0.2094091517952377,0.20369280990887711,0.8993413527679525
2,recorded_state,73,plate_1,0.04509202858043628,0.206252337349105,0.9024996849914995
2,recorded_state,74,akita_black_bowl_1,-0.2245786606444013,-0.1289116037449989,1.0064958098953412
2,recorded_state,74,akita_black_bowl_2,0.027103644947895727,-0.2930692726298306,1.1263999684762869
2,recorded_state,74,cookies_1,0.05644714933780749,0.02947828168109865,0.9093709548379013
2,recorded_state,74,glazed_rim_porcelain_ramekin_1,-0.2094091517952377,0.20369280990887711,0.8993413527679525
2,recorded_state,74,plate_1,0.04509202858043628,0.206252337349105,0.9024996849914995
2,recorded_state,75,akita_black_bowl_1,-0.21899936324601027,-0.12210464995148758,1.0139283858301398
2,recorded_state,75,akita_black_bowl_2,0.027103644947895727,-0.2930692726298306,1.1263999684762869
2,recorded_state,75,cookies_1,0.05644714933780749,0.02947828168109865,0.9093709548379013
2,recorded_state,75,glazed_rim_porcelain_ramekin_1,-0.2094091517952377,0.20369280990887711,0.8993413527679525
2,recorded_state,75,plate_1,0.04509202858043628,0.206252337349105,0.9024996849914995
2,recorded_state,76,akita_black_bowl_1,-0.21306147299223194,-0.11495947377922358,1.021646369450913
2,recorded_state,76,akita_black_bowl_2,0.027103644947895727,-0.2930692726298306,1.1263999684762869
2,recorded_state,76,cookies_1,0.05644714933780749,0.02947828168109865,0.9093709548379013
2,recorded_state,76,glazed_rim_porcelain_ramekin_1,-0.2094091517952377,0.20369280990887711,0.8993413527679525
2,recorded_state,76,plate_1,0.04509202858043628,0.206252337349105,0.9024996849914995
2,recorded_state,77,akita_black_bowl_1,-0.20680314782443315,-0.1071612134327774,1.0289841871177225
2,recorded_state,77,akita_black_bowl_2,0.027103644947895727,-0.2930692726298306,1.1263999684762869
2,recorded_state,77,cookies_1,0.05644714933780749,0.02947828168109865,0.9093709548379013
2,recorded_state,77,glazed_rim_porcelain_ramekin_1,-0.2094091517952377,0.20369280990887711,0.8993413527679525
2,recorded_state,77,plate_1,0.04509202858043628,0.206252337349105,0.9024996849914995
2,recorded_state,78,akita_black_bowl_1,-0.20020373903116587,-0.09873545182808562,1.035880879096105
2,recorded_state,78,akita_black_bowl_2,0.027103644947895727,-0.2930692726298306,1.1263999684762869
2,recorded_state,78,cookies_1,0.05644714933780749,0.02947828168109865,0.9093709548379013
2,recorded_state,78,glazed_rim_porcelain_ramekin_1,-0.2094091517952377,0.20369280990887711,0.8993413527679525
2,recorded_state,78,plate_1,0.04509202858043628,0.206252337349105,0.9024996849914995
2,recorded_state,79,akita_black_bowl_1,-0.19442394870252067,-0.08889335130422231,1.0392862159128524
2,recorded_state,79,akita_black_bowl_2,0.027103644947895727,-0.2930692726298306,1.1263999684762869
2,recorded_state,79,cookies_1,0.05644714933780749,0.02947828168109865,0.9093709548379013
2,recorded_state,79,glazed_rim_porcelain_ramekin_1,-0.2094091517952377,0.20369280990887711,0.8993413527679525
2,recorded_state,79,plate_1,0.04509202858043628,0.206252337349105,0.9024996849914995
2,recorded_state,80,akita_black_bowl_1,-0.18869020263139596,-0.07912162749137762,1.0438112193885694
2,recorded_state,80,akita_black_bowl_2,0.027103644947895727,-0.2930692726298306,1.1263999684762869
2,recorded_state,80,cookies_1,0.05644714933780749,0.02947828168109865,0.9093709548379013
2,recorded_state,80,glazed_rim_porcelain_ramekin_1,-0.2094091517952377,0.20369280990887711,0.8993413527679525
2,recorded_state,80,plate_1,0.04509202858043628,0.206252337349105,0.9024996849914995
2,recorded_state,81,akita_black_bowl_1,-0.1814936787121892,-0.07078485749003689,1.050996286018971
2,recorded_state,81,akita_black_bowl_2,0.027103644947895727,-0.2930692726298306,1.1263999684762869
2,recorded_state,81,cookies_1,0.05644714933780749,0.02947828168109865,0.9093709548379013
2,recorded_state,81,glazed_rim_porcelain_ramekin_1,-0.2094091517952377,0.20369280990887711,0.8993413527679525
2,recorded_state,81,plate_1,0.04509202858043628,0.206252337349105,0.9024996849914995
2,recorded_state,82,akita_black_bowl_1,-0.17447874682412864,-0.06223722508329267,1.0576273168790093
2,recorded_state,82,akita_black_bowl_2,0.027103644947895727,-0.2930692726298306,1.1263999684762869
2,recorded_state,82,cookies_1,0.05644714933780749,0.02947828168109865,0.9093709548379013
2,recorded_state,82,glazed_rim_porcelain_ramekin_1,-0.2094091517952377,0.20369280990887711,0.8993413527679525
2,recorded_state,82,plate_1,0.04509202858043628,0.206252337349105,0.9024996849914995
2,recorded_state,83,akita_black_bowl_1,-0.16740799004671933,-0.05370176463459348,1.0640240272885377
2,recorded_state,83,akita_black_bowl_2,0.027103644947895727,-0.2930692726298306,1.1263999684762869
2,recorded_state,83,cookies_1,0.05644714933780749,0.02947828168109865,0.9093709548379013
2,recorded_state,83,glazed_rim_porcelain_ramekin_1,-0.2094091517952377,0.20369280990887711,0.8993413527679525
2,recorded_state,83,plate_1,0.04509202858043628,0.206252337349105,0.9024996849914995
2,recorded_state,84,akita_black_bowl_1,-0.1603827060399005,-0.0451718131951895,1.0701416112589208
2,recorded_state,84,akita_black_bowl_2,0.027103644947895727,-0.2930692726298306,1.1263999684762869
2,recorded_state,84,cookies_1,0.05644714933780749,0.02947828168109865,0.9093709548379013
2,recorded_state,84,glazed_rim_porcelain_ramekin_1,-0.2094091517952377,0.20369280990887711,0.8993413527679525
2,recorded_state,84,plate_1,0.04509202858043628,0.206252337349105,0.9024996849914995
2,recorded_state,85,akita_black_bowl_1,-0.15333182031314865,-0.036607162989745465,1.076043588009697
2,recorded_state,85,akita_black_bowl_2,0.027103644947895727,-0.2930692726298306,1.1263999684762869
2,recorded_state,85,cookies_1,0.05644714933780749,0.02947828168109865,0.9093709548379013
2,recorded_state,85,glazed_rim_porcelain_ramekin_1,-0.2094091517952377,0.20369280990887711,0.8993413527679525
2,recorded_state,85,plate_1,0.04509202858043628,0.206252337349105,0.9024996849914995
2,recorded_state,86,akita_black_bowl_1,-0.14602406218031855,-0.02808747104599443,1.0816561801557116
2,recorded_state,86,akita_black_bowl_2,0.027103644947895727,-0.2930692726298306,1.1263999684762869
2,recorded_state,86,cookies_1,0.05644714933780749,0.02947828168109865,0.9093709548379013
2,recorded_state,86,glazed_rim_porcelain_ramekin_1,-0.2094091517952377,0.20369280990887711,0.8993413527679525
2,recorded_state,86,plate_1,0.04509202858043628,0.206252337349105,0.9024996849914995
2,recorded_state,87,akita_black_bowl_1,-0.1384859291071337,-0.019640233474177888,1.0869677108646105
2,recorded_state,87,akita_black_bowl_2,0.027103644947895727,-0.2930692726298306,1.1263999684762869
2,recorded_state,87,cookies_1,0.05644714933780749,0.02947828168109865,0.9093709548379013
2,recorded_state,87,glazed_rim_porcelain_ramekin_1,-0.2094091517952377,0.20369280990887711,0.8993413527679525
2,recorded_state,87,plate_1,0.04509202858043628,0.206252337349105,0.9024996849914995
2,recorded_state,88,akita_black_bowl_1,-0.1307480774408832,-0.011219828790105961,1.09197619040888
2,recorded_state,88,akita_black_bowl_2,0.027103644947895727,-0.2930692726298306,1.1263999684762869
2,recorded_state,88,cookies_1,0.05644714933780749,0.02947828168109865,0.9093709548379013
2,recorded_state,88,glazed_rim_porcelain_ramekin_1,-0.2094091517952377,0.20369280990887711,0.8993413527679525
2,recorded_state,88,plate_1,0.04509202858043628,0.206252337349105,0.9024996849914995
2,recorded_state,89,akita_black_bowl_1,-0.12314944557800166,-0.002831896673620378,1.096599104692686
2,recorded_state,89,akita_black_bowl_2,0.027103644947895727,-0.2930692726298306,1.1263999684762869
2,recorded_state,89,cookies_1,0.05644714933780749,0.02947828168109865,0.9093709548379013
2,recorded_state,89,glazed_rim_porcelain_ramekin_1,-0.2094091517952377,0.20369280990887711,0.8993413527679525
2,recorded_state,89,plate_1,0.04509202858043628,0.206252337349105,0.9024996849914995
2,recorded_state,90,akita_black_bowl_1,-0.11985949524009548,0.005025438350098222,1.1010863331779368
2,recorded_state,90,akita_black_bowl_2,0.027103644947895727,-0.2930692726298306,1.1263999684762869
2,recorded_state,90,cookies_1,0.05644714933780749,0.02947828168109865,0.9093709548379013
2,recorded_state,90,glazed_rim_porcelain_ramekin_1,-0.2094091517952377,0.20369280990887711,0.8993413527679525
2,recorded_state,90,plate_1,0.04509202858043628,0.206252337349105,0.9024996849914995
2,recorded_state,91,akita_black_bowl_1,-0.11115937686652191,0.012098449642353291,1.1060859182866853
2,recorded_state,91,akita_black_bowl_2,0.027103644947895727,-0.2930692726298306,1.1263999684762869
2,recorded_state,91,cookies_1,0.05644714933780749,0.02947828168109865,0.9093709548379013
2,recorded_state,91,glazed_rim_porcelain_ramekin_1,-0.2094091517952377,0.20369280990887711,0.8993413527679525
2,recorded_state,91,plate_1,0.04509202858043628,0.206252337349105,0.9024996849914995
2,recorded_state,92,akita_black_bowl_1,-0.10255992570698393,0.02038502856768216,1.109306044707218
2,recorded_state,92,akita_black_bowl_2,0.027103644947895727,-0.2930692726298306,1.1263999684762869
2,recorded_state,92,cookies_1,0.05644714933780749,0.02947828168109865,0.9093709548379013
2,recorded_state,92,glazed_rim_porcelain_ramekin_1,-0.2094091517952377,0.20369280990887711,0.8993413527679525
2,recorded_state,92,plate_1,0.04509202858043628,0.206252337349105,0.9024996849914995
2,recorded_state,93,akita_black_bowl_1,-0.09374949967804572,0.028712570286091973,1.1118479837317965
2,recorded_state,93,akita_black_bowl_2,0.027103644947895727,-0.2930692726298306,1.1263999684762869
2,recorded_state,93,cookies_1,0.05644714933780749,0.02947828168109865,0.9093709548379013
2,recorded_state,93,glazed_rim_porcelain_ramekin_1,-0.2094091517952377,0.20369280990887711,0.8993413527679525
2,recorded_state,93,plate_1,0.04509202858043628,0.206252337349105,0.9024996849914995
2,recorded_state,94,akita_black_bowl_1,-0.08487395097947069,0.037009460395739775,1.113795193731638
2,recorded_state,94,akita_black_bowl_2,0.027103644947895727,-0.2930692726298306,1.1263999684762869
2,recorded_state,94,cookies_1,0.05644714933780749,0.02947828168109865,0.9093709548379013
2,recorded_state,94,glazed_rim_porcelain_ramekin_1,-0.2094091517952377,0.20369280990887711,0.8993413527679525
2,recorded_state,94,plate_1,0.04509202858043628,0.206252337349105,0.9024996849914995
2,recorded_state,95,akita_black_bowl_1,-0.07605755379043003,0.045269557235747916,1.1151169777736805
2,recorded_state,95,akita_black_bowl_2,0.027103644947895727,-0.2930692726298306,1.1263999684762869
2,recorded_state,95,cookies_1,0.05644714933780749,0.02947828168109865,0.9093709548379013
2,recorded_state,95,glazed_rim_porcelain_ramekin_1,-0.2094091517952377,0.20369280990887711,0.8993413527679525
2,recorded_state,95,plate_1,0.04509202858043628,0.206252337349105,0.9024996849914995
2,recorded_state,96,akita_black_bowl_1,-0.06742097392198003,0.053443008520866066,1.115839513972217
2,recorded_state,96,akita_black_bowl_2,0.027103644947895727,-0.2930692726298306,1.1263999684762869
2,recorded_state,96,cookies_1,0.05644714933780749,0.02947828168109865,0.9093709548379013
2,recorded_state,96,glazed_rim_porcelain_ramekin_1,-0.2094091517952377,0.20369280990887711,0.8993413527679525
2,recorded_state,96,plate_1,0.04509202858043628,0.206252337349105,0.9024996849914995
2,recorded_state,97,akita_black_bowl_1,-0.05913873492307475,0.06145950470822104,1.1160825217036578
2,recorded_state,97,akita_black_bowl_2,0.027103644947895727,-0.2930692726298306,1.1263999684762869
2,recorded_state,97,cookies_1,0.05644714933780749,0.02947828168109865,0.9093709548379013
2,recorded_state,97,glazed_rim_porcelain_ramekin_1,-0.2094091517952377,0.20369280990887711,0.8993413527679525
2,recorded_state,97,plate_1,0.04509202858043628,0.206252337349105,0.9024996849914995
2,recorded_state,98,akita_black_bowl_1,-0.051228559322501054,0.06936270879795298,1.1160270608180647
2,recorded_state,98,akita_black_bowl_2,0.027103644947895727,-0.2930692726298306,1.1263999684762869
2,recorded_state,98,cookies_1,0.05644714933780749,0.02947828168109865,0.9093709548379013
2,recorded_state,98,glazed_rim_porcelain_ramekin_1,-0.2094091517952377,0.20369280990887711,0.8993413527679525
2,recorded_state,98,plate_1,0.04509202858043628,0.206252337349105,0.9024996849914995
2,recorded_state,99,akita_black_bowl_1,-0.0436930559289231,0.07730250354108617,1.1158958369562966
2,recorded_state,99,akita_black_bowl_2,0.027103644947895727,-0.2930692726298306,1.1263999684762869
2,recorded_state,99,cookies_1,0.05644714933780749,0.02947828168109865,0.9093709548379013
2,recorded_state,99,glazed_rim_porcelain_ramekin_1,-0.2094091517952377,0.20369280990887711,0.8993413527679525
2,recorded_state,99,plate_1,0.04509202858043628,0.206252337349105,0.9024996849914995
2,recorded_state,100,akita_black_bowl_1,-0.03673704328582221,0.08527952413946195,1.1157731648448515
2,recorded_state,100,akita_black_bowl_2,0.027103644947895727,-0.2930692726298306,1.1263999684762869
2,recorded_state,100,cookies_1,0.05644714933780749,0.02947828168109865,0.9093709548379013
2,recorded_state,100,glazed_rim_porcelain_ramekin_1,-0.2094091517952377,0.20369280990887711,0.8993413527679525
2,recorded_state,100,plate_1,0.04509202858043628,0.206252337349105,0.9024996849914995
2,recorded_state,101,akita_black_bowl_1,-0.03029918104534732,0.09329321136729092,1.115849801831228
2,recorded_state,101,akita_black_bowl_2,0.027103644947895727,-0.2930692726298306,1.1263999684762869
2,recorded_state,101,cookies_1,0.05644714933780749,0.02947828168109865,0.9093709548379013
2,recorded_state,101,glazed_rim_porcelain_ramekin_1,-0.2094091517952377,0.20369280990887711,0.8993413527679525
2,recorded_state,101,plate_1,0.04509202858043628,0.206252337349105,0.9024996849914995
2,recorded_state,102,akita_black_bowl_1,-0.024366752776464155,0.10115592604411403,1.1158595312021296
2,recorded_state,102,akita_black_bowl_2,0.027103644947895727,-0.2930692726298306,1.1263999684762869
2,recorded_state,102,cookies_1,0.05644714933780749,0.02947828168109865,0.9093709548379013
2,recorded_state,102,glazed_rim_porcelain_ramekin_1,-0.2094091517952377,0.20369280990887711,0.8993413527679525
2,recorded_state,102,plate_1,0.04509202858043628,0.206252337349105,0.9024996849914995
2,recorded_state,103,akita_black_bowl_1,-0.018959080775952143,0.10894139212728143,1.115611961175067
2,recorded_state,103,akita_black_bowl_2,0.027103644947895727,-0.2930692726298306,1.1263999684762869
2,recorded_state,103,cookies_1,0.05644714933780749,0.02947828168109865,0.9093709548379013
2,recorded_state,103,glazed_rim_porcelain_ramekin_1,-0.2094091517952377,0.20369280990887711,0.8993413527679525
2,recorded_state,103,plate_1,0.04509202858043628,0.206252337349105,0.9024996849914995
2,recorded_state,104,akita_black_bowl_1,-0.014075839780233503,0.11665131340839771,1.1147132172374357
2,recorded_state,104,akita_black_bowl_2,0.027103644947895727,-0.2930692726298306,1.1263999684762869
2,recorded_state,104,cookies_1,0.05644714933780749,0.02947828168109865,0.9093709548379013
2,recorded_state,104,glazed_rim_porcelain_ramekin_1,-0.2094091517952377,0.20369280990887711,0.8993413527679525
2,recorded_state,104,plate_1,0.04509202858043628,0.206252337349105,0.9024996849914995
2,recorded_state,105,akita_black_bowl_1,-0.009415220012364844,0.12417899139059113,1.1127671128805043
2,recorded_state,105,akita_black_bowl_2,0.027103644947895727,-0.2930692726298306,1.1263999684762869
2,recorded_state,105,cookies_1,0.05644714933780749,0.02947828168109865,0.9093709548379013
2,recorded_state,105,glazed_rim_porcelain_ramekin_1,-0.2094091517952377,0.20369280990887711,0.8993413527679525
2,recorded_state,105,plate_1,0.04509202858043628,0.206252337349105,0.9024996849914995
2,recorded_state,106,akita_black_bowl_1,-0.004951714441023306,0.13140917560856977,1.109959528161588
2,recorded_state,106,akita_black_bowl_2,0.027103644947895727,-0.2930692726298306,1.1263999684762869
2,recorded_state,106,cookies_1,0.05644714933780749,0.02947828168109865,0.9093709548379013
2,recorded_state,106,glazed_rim_porcelain_ramekin_1,-0.2094091517952377,0.20369280990887711,0.8993413527679525
2,recorded_state,106,plate_1,0.04509202858043628,0.206252337349105,0.9024996849914995
2,recorded_state,107,akita_black_bowl_1,-0.0006549795020319862,0.1383942189833188,1.1065463006388139
2,recorded_state,107,akita_black_bowl_2,0.027103644947895727,-0.2930692726298306,1.1263999684762869
2,recorded_state,107,cookies_1,0.05644714933780749,0.02947828168109865,0.9093709548379013
2,recorded_state,107,glazed_rim_porcelain_ramekin_1,-0.2094091517952377,0.20369280990887711,0.8993413527679525
2,recorded_state,107,plate_1,0.04509202858043628,0.206252337349105,0.9024996849914995
2,recorded_state,108,akita_black_bowl_1,0.0035916224469562026,0.1451427021131629,1.1026496009877922
2,recorded_state,108,akita_black_bowl_2,0.027103644947895727,-0.2930692726298306,1.1263999684762869
2,recorded_state,108,cookies_1,0.05644714933780749,0.02947828168109865,0.9093709548379013
2,recorded_state,108,glazed_rim_porcelain_ramekin_1,-0.2094091517952377,0.20369280990887711,0.8993413527679525
2,recorded_state,108,plate_1,0.04509202858043628,0.206252337349105,0.9024996849914995
2,recorded_state,109,akita_black_bowl_1,0.007732443209265199,0.15153649463377947,1.0981510515969763
2,recorded_state,109,akita_black_bowl_2,0.027103644947895727,-0.2930692726298306,1.1263999684762869
2,recorded_state,109,cookies_1,0.05644714933780749,0.02947828168109865,0.9093709548379013
2,recorded_state,109,glazed_rim_porcelain_ramekin_1,-0.2094091517952377,0.20369280990887711,0.8993413527679525
2,recorded_state,109,plate_1,0.04509202858043628,0.206252337349105,0.9024996849914995
2,recorded_state,110,akita_black_bowl_1,0.01179154400353464,0.1574955933802456,1.0930610415571365
2,recorded_state,110,akita_black_bowl_2,0.027103644947895727,-0.2930692726298306,1.1263999684762869
2,recorded_state,110,cookies_1,0.05644714933780749,0.02947828168109865,0.9093709548379013
2,recorded_state,110,glazed_rim_porcelain_ramekin_1,-0.2094091517952377,0.20369280990887711,0.8993413527679525
2,recorded_state,110,plate_1,0.04509202858043628,0.206252337349105,0.9024996849914995
2,recorded_state,111,akita_black_bowl_1,0.015789026674667424,0.16295835000424097,1.087421131371507
2,recorded_state,111,akita_black_bowl_2,0.027103644947895727,-0.2930692726298306,1.1263999684762869
2,recorded_state,111,cookies_1,0.05644714933780749,0.02947828168109865,0.9093709548379013
2,recorded_state,111,glazed_rim_porcelain_ramekin_1,-0.2094091517952377,0.20369280990887711,0.8993413527679525
2,recorded_state,111,plate_1,0.04509202858043628,0.206252337349105,0.9024996849914995
2,recorded_state,112,akita_black_bowl_1,0.019739864721847033,0.16791948349828947,1.0813652543024492
2,recorded_state,112,akita_black_bowl_2,0.027103644947895727,-0.2930692726298306,1.1263999684762869
2,recorded_state,112,cookies_1,0.05644714933780749,0.02947828168109865,0.9093709548379013
2,recorded_state,112,glazed_rim_porcelain_ramekin_1,-0.2094091517952377,0.20369280990887711,0.8993413527679525
2,recorded_state,112,plate_1,0.04509202858043628,0.206252337349105,0.9024996849914995
2,recorded_state,113,akita_black_bowl_1,0.023434584853464235,0.17228881859715306,1.074800890995294
2,recorded_state,113,akita_black_bowl_2,0.027103644947895727,-0.2930692726298306,1.1263999684762869
2,recorded_state,113,cookies_1,0.05644714933780749,0.02947828168109865,0.9093709548379013
2,recorded_state,113,glazed_rim_porcelain_ramekin_1,-0.2094091517952377,0.20369280990887711,0.8993413527679525
2,recorded_state,113,plate_1,0.04509202858043628,0.206252337349105,0.9024996849914995
2,recorded_state,114,akita_black_bowl_1,0.027226182140822182,0.17603198379153764,1.0677774764538845
2,recorded_state,114,akita_black_bowl_2,0.027103644947895727,-0.2930692726298306,1.1263999684762869
2,recorded_state,114,cookies_1,0.05644714933780749,0.02947828168109865,0.9093709548379013
2,recorded_state,114,glazed_rim_porcelain_ramekin_1,-0.2094091517952377,0.20369280990887711,0.8993413527679525
2,recorded_state,114,plate_1,0.04509202858043628,0.206252337349105,0.9024996849914995
2,recorded_state,115,akita_black_bowl_1,0.031210545806822098,0.17891408553274127,1.060233176294244
2,recorded_state,115,akita_black_bowl_2,0.027103644947895727,-0.2930692726298306,1.1263999684762869
2,recorded_state,115,cookies_1,0.05644714933780749,0.02947828168109865,0.9093709548379013
2,recorded_state,115,glazed_rim_porcelain_ramekin_1,-0.2094091517952377,0.20369280990887711,0.8993413527679525
2,recorded_state,115,plate_1,0.04509202858043628,0.206252337349105,0.9024996849914995
2,recorded_state,116,akita_black_bowl_1,0.035652316501442384,0.18067321844267842,1.0523611475779031
2,recorded_state,116,akita_black_bowl_2,0.027103644947895727,-0.2930692726298306,1.1263999684762869
2,recorded_state,116,cookies_1,0.05644714933780749,0.02947828168109865,0.9093709548379013
2,recorded_state,116,glazed_rim_porcelain_ramekin_1,-0.2094091517952377,0.20369280990887711,0.8993413527679525
2,recorded_state,116,plate_1,0.04509202858043628,0.206252337349105,0.9024996849914995
2,recorded_state,117,akita_black_bowl_1,0.0406683899489626,0.18153690936160707,1.0446368871741507
2,recorded_state,117,akita_black_bowl_2,0.027103644947895727,-0.2930692726298306,1.1263999684762869
2,recorded_state,117,cookies_1,0.05644714933780749,0.02947828168109865,0.9093709548379013
2,recorded_state,117,glazed_rim_porcelain_ramekin_1,-0.2094091517952377,0.20369280990887711,0.8993413527679525
2,recorded_state,117,plate_1,0.04509202858043628,0.206252337349105,0.9024996849914995
2,recorded_state,118,akita_black_bowl_1,0.04608515678597395,0.1819901079120836,1.0370452659456924
2,recorded_state,118,akita_black_bowl_2,0.027103644947895727,-0.2930692726298306,1.1263999684762869
2,recorded_state,118,cookies_1,0.05644714933780749,0.02947828168109865,0.9093709548379013
2,recorded_state,118,glazed_rim_porcelain_ramekin_1,-0.2094091517952377,0.20369280990887711,0.8993413527679525
2,recorded_state,118,plate_1,0.04509202858043628,0.206252337349105,0.9024996849914995
2,recorded_state,119,akita_black_bowl_1,0.051063946133026235,0.18233382124512912,1.029670521096771
2,recorded_state,119,akita_black_bowl_2,0.027103644947895727,-0.2930692726298306,1.1263999684762869
2,recorded_state,119,cookies_1,0.05644714933780749,0.02947828168109865,0.9093709548379013
2,recorded_state,119,glazed_rim_porcelain_ramekin_1,-0.2094091517952377,0.20369280990887711,0.8993413527679525
2,recorded_state,119,plate_1,0.04509202858043628,0.206252337349105,0.9024996849914995
2,recorded_state,120,akita_black_bowl_1,0.055167161222147335,0.1826480947348224,1.0225971936532814
2,recorded_state,120,akita_black_bowl_2,0.027103644947895727,-0.2930692726298306,1.1263999684762869
2,recorded_state,120,cookies_1,0.05644714933780749,0.02947828168109865,0.9093709548379013
2,recorded_state,120,glazed_rim_porcelain_ramekin_1,-0.2094091517952377,0.20369280990887711,0.8993413527679525
2,recorded_state,120,plate_1,0.04509202858043628,0.206252337349105,0.9024996849914995
2,recorded_state,121,akita_black_bowl_1,0.058216161947112134,0.18290218938649405,1.0160158744740715
2,recorded_state,121,akita_black_bowl_2,0.027103644947895727,-0.2930692726298306,1.1263999684762869
2,recorded_state,121,cookies_1,0.05644714933780749,0.02947828168109865,0.9093709548379013
2,recorded_state,121,glazed_rim_porcelain_ramekin_1,-0.2094091517952377,0.20369280990887711,0.8993413527679525
2,recorded_state,121,plate_1,0.04509202858043628,0.206252337349105,0.9024996849914995
2,recorded_state,122,akita_black_bowl_1,0.06053303078375016,0.1830800020686393,1.0100966511812057
2,recorded_state,122,akita_black_bowl_2,0.027103644947895727,-0.2930692726298306,1.1263999684762869
2,recorded_state,122,cookies_1,0.05644714933780749,0.02947828168109865,0.9093709548379013
2,recorded_state,122,glazed_rim_porcelain_ramekin_1,-0.2094091517952377,0.20369280990887711,0.8993413527679525
2,recorded_state,122,plate_1,0.04509202858043628,0.206252337349105,0.9024996849914995
2,recorded_state,123,akita_black_bowl_1,0.06259062067573287,0.18300707193692742,1.0046783574929308
2,recorded_state,123,akita_black_bowl_2,0.027103644947895727,-0.2930692726298306,1.1263999684762869
2,recorded_state,123,cookies_1,0.05644714933780749,0.02947828168109865,0.9093709548379013
2,recorded_state,123,glazed_rim_porcelain_ramekin_1,-0.2094091517952377,0.20369280990887711,0.8993413527679525
2,recorded_state,123,plate_1,0.04509202858043628,0.206252337349105,0.9024996849914995
2,recorded_state,124,akita_black_bowl_1,0.0643005238091019,0.1828992137397944,0.9993233422490204
2,recorded_state,124,akita_black_bowl_2,0.027103644947895727,-0.2930692726298306,1.1263999684762869
2,recorded_state,124,cookies_1,0.05644714933780749,0.02947828168109865,0.9093709548379013
2,recorded_state,124,glazed_rim_porcelain_ramekin_1,-0.2094091517952377,0.20369280990887711,0.8993413527679525
2,recorded_state,124,plate_1,0.04509202858043628,0.206252337349105,0.9024996849914995
2,recorded_state,125,akita_black_bowl_1,0.0655668183568982,0.1830991056071812,0.9937139538505679
2,recorded_state,125,akita_black_bowl_2,0.027103644947895727,-0.2930692726298306,1.1263999684762869
2,recorded_state,125,cookies_1,0.05644714933780749,0.02947828168109865,0.9093709548379013
2,recorded_state,125,glazed_rim_porcelain_ramekin_1,-0.2094091517952377,0.20369280990887711,0.8993413527679525
2,recorded_state,125,plate_1,0.04509202858043628,0.206252337349105,0.9024996849914995
2,recorded_state,126,akita_black_bowl_1,0.06620965611357248,0.18362794441144767,0.9876836521104561
2,recorded_state,126,akita_black_bowl_2,0.027103644947895727,-0.2930692726298306,1.1263999684762869
2,recorded_state,126,cookies_1,0.05644714933780749,0.02947828168109865,0.9093709548379013
2,recorded_state,126,glazed_rim_porcelain_ramekin_1,-0.2094091517952377,0.20369280990887711,0.8993413527679525
2,recorded_state,126,plate_1,0.04509202858043628,0.206252337349105,0.9024996849914995
2,recorded_state,127,akita_black_bowl_1,0.06656534309197604,0.1841663085546069,0.9811918496726969
2,recorded_state,127,akita_black_bowl_2,0.027103644947895727,-0.2930692726298306,1.1263999684762869
2,recorded_state,127,cookies_1,0.05644714933780749,0.02947828168109865,0.9093709548379013
2,recorded_state,127,glazed_rim_porcelain_ramekin_1,-0.2094091517952377,0.20369280990887711,0.8993413527679525
2,recorded_state,127,plate_1,0.04509202858043628,0.206252337349105,0.9024996849914995
2,recorded_state,128,akita_black_bowl_1,0.06637473577504564,0.18470895808990773,0.97432159577262
2,recorded_state,128,akita_black_bowl_2,0.027103644947895727,-0.2930692726298306,1.1263999684762869
2,recorded_state,128,cookies_1,0.05644714933780749,0.02947828168109865,0.9093709548379013
2,recorded_state,128,glazed_rim_porcelain_ramekin_1,-0.2094091517952377,0.20369280990887711,0.8993413527679525
2,recorded_state,128,plate_1,0.04509202858043628,0.206252337349105,0.9024996849914995
2,recorded_state,129,akita_black_bowl_1,0.06595774533050572,0.18587578260989418,0.9675292016418904
2,recorded_state,129,akita_black_bowl_2,0.027103644947895727,-0.2930692726298306,1.1263999684762869
2,recorded_state,129,cookies_1,0.05644714933780749,0.02947828168109865,0.9093709548379013
2,recorded_state,129,glazed_rim_porcelain_ramekin_1,-0.2094091517952377,0.20369280990887711,0.8993413527679525
2,recorded_state,129,plate_1,0.04509202858043628,0.206252337349105,0.9024996849914995
2,recorded_state,130,akita_black_bowl_1,0.06541295997933143,0.18763463128379534,0.9610387966876619
2,recorded_state,130,akita_black_bowl_2,0.027103644947895727,-0.2930692726298306,1.1263999684762869
2,recorded_state,130,cookies_1,0.05644714933780749,0.02947828168109865,0.9093709548379013
2,recorded_state,130,glazed_rim_porcelain_ramekin_1,-0.2094091517952377,0.20369280990887711,0.8993413527679525
2,recorded_state,130,plate_1,0.04509202858043628,0.206252337349105,0.9024996849914995
2,recorded_state,131,akita_black_bowl_1,0.06460548518401925,0.1896252065378069,0.9548840807936884
2,recorded_state,131,akita_black_bowl_2,0.027103644947895727,-0.2930692726298306,1.1263999684762869
2,recorded_state,131,cookies_1,0.05644714933780749,0.02947828168109865,0.9093709548379013
2,recorded_state,131,glazed_rim_porcelain_ramekin_1,-0.2094091517952377,0.20369280990887711,0.8993413527679525
2,recorded_state,131,plate_1,0.04509202858043628,0.206252337349105,0.9024996849914995
2,recorded_state,132,akita_black_bowl_1,0.06363196336584578,0.1918031196899194,0.9489684438973208
2,recorded_state,132,akita_black_bowl_2,0.027103644947895727,-0.2930692726298306,1.1263999684762869
2,recorded_state,132,cookies_1,0.05644714933780749,0.02947828168109865,0.9093709548379013
2,recorded_state,132,glazed_rim_porcelain_ramekin_1,-0.2094091517952377,0.20369280990887711,0.8993413527679525
2,recorded_state,132,plate_1,0.04509202858043628,0.206252337349105,0.9024996849914995
2,recorded_state,133,akita_black_bowl_1,0.06259507893247303,0.19407068274698014,0.9431300122465831
2,recorded_state,133,akita_black_bowl_2,0.027103644947895727,-0.2930692726298306,1.1263999684762869
2,recorded_state,133,cookies_1,0.05644714933780749,0.02947828168109865,0.9093709548379013
2,recorded_state,133,glazed_rim_porcelain_ramekin_1,-0.2094091517952377,0.20369280990887711,0.8993413527679525
2,recorded_state,133,plate_1,0.04509202858043628,0.206252337349105,0.9024996849914995
2,recorded_state,134,akita_black_bowl_1,0.06129607249444643,0.19623378258837798,0.9372210924483325
2,recorded_state,134,akita_black_bowl_2,0.027103644947895727,-0.2930692726298306,1.1263999684762869
2,recorded_state,134,cookies_1,0.05644714933780749,0.02947828168109865,0.9093709548379013
2,recorded_state,134,glazed_rim_porcelain_ramekin_1,-0.2094091517952377,0.20369280990887711,0.8993413527679525
2,recorded_state,134,plate_1,0.04509202858043628,0.206252337349105,0.9024996849914995
2,recorded_state,135,akita_black_bowl_1,0.060235301506597755,0.19854887294949644,0.9318304417526478
2,recorded_state,135,akita_black_bowl_2,0.027103644947895727,-0.2930692726298306,1.1263999684762869
2,recorded_state,135,cookies_1,0.05644714933780749,0.02947828168109865,0.9093709548379013
2,recorded_state,135,glazed_rim_porcelain_ramekin_1,-0.2094091517952377,0.20369280990887711,0.8993413527679525
2,recorded_state,135,plate_1,0.04509202858043628,0.206252337349105,0.9024996849914995
2,recorded_state,136,akita_black_bowl_1,0.05925697485104434,0.20098114798983835,0.9269063218304828
2,recorded_state,136,akita_black_bowl_2,0.027103644947895727,-0.2930692726298306,1.1263999684762869
2,recorded_state,136,cookies_1,0.05644714933780749,0.02947828168109865,0.9093709548379013
2,recorded_state,136,glazed_rim_porcelain_ramekin_1,-0.2094091517952377,0.20369280990887711,0.8993413527679525
2,recorded_state,136,plate_1,0.04509202858043628,0.206252337349105,0.9024996849914995
2,recorded_state,137,akita_black_bowl_1,0.05867116201488516,0.20354089714713836,0.922819662147391
2,recorded_state,137,akita_black_bowl_2,0.027103644947895727,-0.2930692726298306,1.1263999684762869
2,recorded_state,137,cookies_1,0.05644714933780749,0.02947828168109865,0.9093709548379013
2,recorded_state,137,glazed_rim_porcelain_ramekin_1,-0.2094091517952377,0.20369280990887711,0.8993413527679525
2,recorded_state,137,plate_1,0.04509202858043628,0.206252337349105,0.9024996849914995
2,recorded_state,138,akita_black_bowl_1,0.05826587331625707,0.2059979474428022,0.9192379295136345
2,recorded_state,138,akita_black_bowl_2,0.027103644947895727,-0.2930692726298306,1.1263999684762869
2,recorded_state,138,cookies_1,0.05644714933780749,0.02947828168109865,0.9093709548379013
2,recorded_state,138,glazed_rim_porcelain_ramekin_1,-0.2094091517952377,0.20369280990887711,0.8993413527679525
2,recorded_state,138,plate_1,0.04509202858043628,0.206252337349105,0.9024996849914995
2,recorded_state,139,akita_black_bowl_1,0.057626087158510725,0.2080117564017243,0.9156032586021985
2,recorded_state,139,akita_black_bowl_2,0.027103644947895727,-0.2930692726298306,1.1263999684762869
2,recorded_state,139,cookies_1,0.05644714933780749,0.02947828168109865,0.9093709548379013
2,recorded_state,139,glazed_rim_porcelain_ramekin_1,-0.2094091517952377,0.20369280990887711,0.8993413527679525
2,recorded_state,139,plate_1,0.04509202858043628,0.206252337349105,0.9024996849914995
2,recorded_state,140,akita_black_bowl_1,0.05660813022506244,0.20894936568735817,0.9124216356534519
2,recorded_state,140,akita_black_bowl_2,0.027103644947895727,-0.2930692726298306,1.1263999684762869
2,recorded_state,140,cookies_1,0.05644714933780749,0.02947828168109865,0.9093709548379013
2,recorded_state,140,glazed_rim_porcelain_ramekin_1,-0.2094091517952377,0.20369280990887711,0.8993413527679525
2,recorded_state,140,plate_1,0.04509573749479209,0.20623268609314396,0.9024942991311239
2,recorded_state,141,akita_black_bowl_1,0.0556167545716975,0.20860381802194194,0.9109040998461799
2,recorded_state,141,akita_black_bowl_2,0.027103644947895727,-0.2930692726298306,1.1263999684762869
2,recorded_state,141,cookies_1,0.05644714933780749,0.02947828168109865,0.9093709548379013
2,recorded_state,141,glazed_rim_porcelain_ramekin_1,-0.2094091517952377,0.20369280990887711,0.8993413527679525
2,recorded_state,141,plate_1,0.045093703027082266,0.2062011778675862,0.9024244273292066
2,recorded_state,142,akita_black_bowl_1,0.0543828104375116,0.2079530823572417,0.9095370877736992
2,recorded_state,142,akita_black_bowl_2,0.027103644947895727,-0.2930692726298306,1.1263999684762869
2,recorded_state,142,cookies_1,0.05644714933780749,0.02947828168109865,0.9093709548379013
2,recorded_state,142,glazed_rim_porcelain_ramekin_1,-0.2094091517952377,0.20369280990887711,0.8993413527679525
2,recorded_state,142,plate_1,0.04508562447507775,0.20619283215743386,0.9024305681138521
2,recorded_state,143,akita_black_bowl_1,0.05304174448983643,0.2063079874934036,0.9082200126862845
2,recorded_state,143,akita_black_bowl_2,0.027103644947895727,-0.2930692726298306,1.1263999684762869
2,recorded_state,143,cookies_1,0.05644714933780749,0.02947828168109865,0.9093709548379013
2,recorded_state,143,glazed_rim_porcelain_ramekin_1,-0.2094091517952377,0.20369280990887711,0.8993413527679525
2,recorded_state,143,plate_1,0.045079943200123776,0.2061952717049402,0.9024337143449116
2,recorded_state,144,akita_black_bowl_1,0.05209471282457245,0.2057377105760667,0.9072013844702005
2,recorded_state,144,akita_black_bowl_2,0.027103644947895727,-0.2930692726298306,1.1263999684762869
2,recorded_state,144,cookies_1,0.05644714933780749,0.02947828168109865,0.9093709548379013
2,recorded_state,144,glazed_rim_porcelain_ramekin_1,-0.2094091517952377,0.20369280990887711,0.8993413527679525
2,recorded_state,144,plate_1,0.045080574877537125,0.20619262274451572,0.9024699968565224
2,recorded_state,145,akita_black_bowl_1,0.05193586514269647,0.20547612529645282,0.906418717767801
2,recorded_state,145,akita_black_bowl_2,0.027103644947895727,-0.2930692726298306,1.1263999684762869
2,recorded_state,145,cookies_1,0.05644714933780749,0.02947828168109865,0.9093709548379013
2,recorded_state,145,glazed_rim_porcelain_ramekin_1,-0.2094091517952377,0.20369280990887711,0.8993413527679525
2,recorded_state,145,plate_1,0.045080030136461294,0.20619467994008422,0.9024781442009747
2,recorded_state,146,akita_black_bowl_1,0.05161440745464285,0.20534455979932184,0.9058252538692964
2,recorded_state,146,akita_black_bowl_2,0.027103644947895727,-0.2930692726298306,1.1263999684762869
2,recorded_state,146,cookies_1,0.05644714933780749,0.02947828168109865,0.9093709548379013
2,recorded_state,146,glazed_rim_porcelain_ramekin_1,-0.2094091517952377,0.20369280990887711,0.8993413527679525
2,recorded_state,146,plate_1,0.04503448933204695,0.20619072686227702,0.9020446185779621
2,recorded_state,147,akita_black_bowl_1,0.051570761322429416,0.20535449948067377,0.9058939947870726
2,recorded_state,147,akita_black_bowl_2,0.027103644947895727,-0.2930692726298306,1.1263999684762869
2,recorded_state,147,cookies_1,0.05644714933780749,0.02947828168109865,0.9093709548379013
2,recorded_state,147,glazed_rim_porcelain_ramekin_1,-0.2094091517952377,0.20369280990887711,0.8993413527679525
2,recorded_state,147,plate_1,0.04499177238115704,0.2061873176057027,0.9019646343250668
2,recorded_state,148,akita_black_bowl_1,0.05137140315599369,0.20528534401762877,0.906117242923054
2,recorded_state,148,akita_black_bowl_2,0.027103644947895727,-0.2930692726298306,1.1263999684762869
2,recorded_state,148,cookies_1,0.05644714933780749,0.02947828168109865,0.9093709548379013
2,recorded_state,148,glazed_rim_porcelain_ramekin_1,-0.2094091517952377,0.20369280990887711,0.8993413527679525
2,recorded_state,148,plate_1,0.04496253761483701,0.20618937668994128,0.902029056331182
2,recorded_state,149,akita_black_bowl_1,0.05112518648482526,0.2052039646279803,0.9062646877423052
2,recorded_state,149,akita_black_bowl_2,0.027103644947895727,-0.2930692726298306,1.1263999684762869
2,recorded_state,149,cookies_1,0.05644714933780749,0.02947828168109865,0.9093709548379013
2,recorded_state,149,glazed_rim_porcelain_ramekin_1,-0.2094091517952377,0.20369280990887711,0.8993413527679525
2,recorded_state,149,plate_1,0.0449424065253571,0.2061880146285509,0.9021225914990829
2,recorded_state,150,akita_black_bowl_1,0.050862304202280516,0.20515059407658695,0.9063186784850827
2,recorded_state,150,akita_black_bowl_2,0.027103644947895727,-0.2930692726298306,1.1263999684762869
2,recorded_state,150,cookies_1,0.05644714933780749,0.02947828168109865,0.9093709548379013
2,recorded_state,150,glazed_rim_porcelain_ramekin_1,-0.2094091517952377,0.20369280990887711,0.8993413527679525
2,recorded_state,150,plate_1,0.04492880521587747,0.20618590034128015,0.9021831796114974
2,recorded_state,151,akita_black_bowl_1,0.05060003961752295,0.20511458497246954,0.9063685567959213
2,recorded_state,151,akita_black_bowl_2,0.027103644947895727,-0.2930692726298306,1.1263999684762869
2,recorded_state,151,cookies_1,0.05644714933780749,0.02947828168109865,0.9093709548379013
2,recorded_state,151,glazed_rim_porcelain_ramekin_1,-0.2094091517952377,0.20369280990887711,0.8993413527679525
2,recorded_state,151,plate_1,0.04492101321671403,0.20618502803057867,0.9022290647312611
2,recorded_state,152,akita_black_bowl_1,0.05032273507541386,0.20508662852066506,0.9064170060384644
2,recorded_state,152,akita_black_bowl_2,0.027103644947895727,-0.2930692726298306,1.1263999684762869
2,recorded_state,152,cookies_1,0.05644714933780749,0.02947828168109865,0.9093709548379013
2,recorded_state,152,glazed_rim_porcelain_ramekin_1,-0.2094091517952377,0.20369280990887711,0.8993413527679525
2,recorded_state,152,plate_1,0.04491370221919373,0.20618767404900387,0.9022746938054794
2,recorded_state,153,akita_black_bowl_1,0.050050568787737434,0.20508857704317288,0.9064401305816256
2,recorded_state,153,akita_black_bowl_2,0.027103644947895727,-0.2930692726298306,1.1263999684762869
2,recorded_state,153,cookies_1,0.05644714933780749,0.02947828168109865,0.9093709548379013
2,recorded_state,153,glazed_rim_porcelain_ramekin_1,-0.2094091517952377,0.20369280990887711,0.8993413527679525
2,recorded_state,153,plate_1,0.04491040992659945,0.20619863251462534,0.90230911718598
2,recorded_state,154,akita_black_bowl_1,0.04990984335817108,0.2052773472812509,0.9064598654047339
2,recorded_state,154,akita_black_bowl_2,0.027103644947895727,-0.2930692726298306,1.1263999684762869
2,recorded_state,154,cookies_1,0.05644714933780749,0.02947828168109865,0.9093709548379013
2,recorded_state,154,glazed_rim_porcelain_ramekin_1,-0.2094091517952377,0.20369280990887711,0.8993413527679525
2,recorded_state,154,plate_1,0.04491939008598136,0.206205730552616,0.9023462687237628
2,settling_step,0,akita_black_bowl_1,-0.26781048761668763,-0.14309487061726414,0.9254584906895844
2,settling_step,0,akita_black_bowl_2,0.02710364493574462,-0.2930692727039713,1.1263997104596004
2,settling_step,0,cookies_1,0.05644715162790038,0.029478283340289273,0.9092097974085793
2,settling_step,0,glazed_rim_porcelain_ramekin_1,-0.20940915182926956,0.20369281163474293,0.8991595343682753
2,settling_step,0,plate_1,0.04509201600438314,0.20625232192477289,0.9023145976636144
2,settling_step,1,akita_black_bowl_1,-0.26781009376307174,-0.1431089805202056,0.9275104130923042
2,settling_step,1,akita_black_bowl_2,0.027103644918114827,-0.2930692726790364,1.1263999821338548
2,settling_step,1,cookies_1,0.05644718234562657,0.029478298742996185,0.9093591002441207
2,settling_step,1,glazed_rim_porcelain_ramekin_1,-0.20940915146174324,0.2036928133008978,0.8993155051942557
2,settling_step,1,plate_1,0.04509196577194541,0.20625228744179663,0.902477553354778
2,settling_step,2,akita_black_bowl_1,-0.2677992571761279,-0.14311315929271243,0.928843658337573
2,settling_step,2,akita_black_bowl_2,0.02710364491789095,-0.2930692726790263,1.1263999841957564
2,settling_step,2,cookies_1,0.056447187723989815,0.029478301242627,0.9093843293748701
2,settling_step,2,glazed_rim_porcelain_ramekin_1,-0.20940915124810855,0.203692814661702,0.8993418466821682
2,settling_step,2,plate_1,0.04509195628719406,0.20625228305052037,0.9025050640855182
2,settling_step,3,akita_black_bowl_1,-0.26779830060881116,-0.14311341773030994,0.9289042646980333
2,settling_step,3,akita_black_bowl_2,0.027103644917890864,-0.2930692726790263,1.1263999841973154
2,settling_step,3,cookies_1,0.05644718787626808,0.02947830127998906,0.909385427579493
2,settling_step,3,glazed_rim_porcelain_ramekin_1,-0.20940915124103973,0.20369281470903408,0.8993430243400451
2,settling_step,3,plate_1,0.04509195586421382,0.20625228304796805,0.9025062822521462
2,settling_step,4,akita_black_bowl_1,-0.26779827474520473,-0.14311342540677832,0.9289069502804835
2,settling_step,4,akita_black_bowl_2,0.027103644917890864,-0.2930692726790263,1.1263999841973162
2,settling_step,4,cookies_1,0.05644718788034556,0.029478301280234882,0.9093854752548768
2,settling_step,4,glazed_rim_porcelain_ramekin_1,-0.20940915124083076,0.2036928147105308,0.8993430768377182
2,settling_step,4,plate_1,0.04509195584558315,0.20625228305492302,0.902506336044257
2,settling_step,5,akita_black_bowl_1,-0.2677982740492803,-0.14311342563923557,0.9289070695520227
2,settling_step,5,akita_black_bowl_2,0.027103644917890864,-0.2930692726790263,1.1263999841973162
2,settling_step,5,cookies_1,0.056447187880454455,0.029478301280233828,0.9093854773246709
2,settling_step,5,glazed_rim_porcelain_ramekin_1,-0.20940915124082476,0.2036928147105775,0.8993430791779753
2,settling_step,5,plate_1,0.045091955844762575,0.2062522830554913,0.9025063384196728
2,settling_step,6,akita_black_bowl_1,-0.2677982740303081,-0.1431134256465123,0.9289070748515884
2,settling_step,6,akita_black_bowl_2,0.027103644917890864,-0.2930692726790263,1.1263999841973162
2,settling_step,6,cookies_1,0.05644718788045737,0.029478301280233786,0.9093854774145299
2,settling_step,6,glazed_rim_porcelain_ramekin_1,-0.20940915124082465,0.2036928147105789,0.8993430792823005
2,settling_step,6,plate_1,0.04509195584472642,0.20625228305552604,0.9025063385245693
2,settling_step,7,akita_black_bowl_1,-0.2677982740297796,-0.14311342564675017,0.9289070750871267
2,settling_step,7,akita_black_bowl_2,0.027103644917890864,-0.2930692726790263,1.1263999841973162
2,settling_step,7,cookies_1,0.05644718788045743,0.029478301280233786,0.9093854774184312
2,settling_step,7,glazed_rim_porcelain_ramekin_1,-0.20940915124082465,0.2036928147105789,0.8993430792869511
2,settling_step,7,plate_1,0.045091955844724835,0.20625228305552795,0.9025063385292014
2,settling_step,8,akita_black_bowl_1,-0.2677982740297645,-0.14311342564675836,0.9289070750975967
2,settling_step,8,akita_black_bowl_2,0.027103644917890864,-0.2930692726790263,1.1263999841973162
2,settling_step,8,cookies_1,0.05644718788045743,0.029478301280233786,0.9093854774186003
2,settling_step,8,glazed_rim_porcelain_ramekin_1,-0.20940915124082465,0.2036928147105789,0.8993430792871585
2,settling_step,8,plate_1,0.04509195584472478,0.20625228305552795,0.9025063385294059
2,settling_step,9,akita_black_bowl_1,-0.2677982740297642,-0.14311342564675858,0.9289070750980624
2,settling_step,9,akita_black_bowl_2,0.027103644917890864,-0.2930692726790263,1.1263999841973162
2,settling_step,9,cookies_1,0.05644718788045743,0.029478301280233786,0.9093854774186078
2,settling_step,9,glazed_rim_porcelain_ramekin_1,-0.20940915124082465,0.2036928147105789,0.8993430792871678
2,settling_step,9,plate_1,0.04509195584472478,0.20625228305552795,0.902506338529415
2,settling_step,10,akita_black_bowl_1,-0.2677982740297642,-0.14311342564675858,0.9289070750980829
2,settling_step,10,akita_black_bowl_2,0.027103644917890864,-0.2930692726790263,1.1263999841973162
2,settling_step,10,cookies_1,0.05644718788045743,0.029478301280233786,0.9093854774186078
2,settling_step,10,glazed_rim_porcelain_ramekin_1,-0.20940915124082465,0.2036928147105789,0.8993430792871678
2,settling_step,10,plate_1,0.04509195584472478,0.20625228305552795,0.902506338529415
3,recorded_state,0,akita_black_bowl_1,0.014415743712169674,-0.29071893632380835,1.1263997104596004
3,recorded_state,0,akita_black_bowl_2,-0.25224343499904783,-0.15217525690014427,0.9254584906895845
3,recorded_state,0,cookies_1,0.06669794803788115,0.018072927081672158,0.9092097974085793
3,recorded_state,0,glazed_rim_porcelain_ramekin_1,-0.2004318812363835,0.20843092269363836,0.8991595343682753
3,recorded_state,0,plate_1,0.053120957588951766,0.18596115027377502,0.9023145976636144
3,recorded_state,1,akita_black_bowl_1,0.014415743723895418,-0.2907189362522433,1.1263999593085126
3,recorded_state,1,akita_black_bowl_2,-0.2522439993648804,-0.1521750625294922,0.9254653482370558
3,recorded_state,1,cookies_1,0.06669794669231695,0.018072926030218782,0.9093271744798663
3,recorded_state,1,glazed_rim_porcelain_ramekin_1,-0.20043188120521624,0.2084309214631312,0.8992917431203737
3,recorded_state,1,plate_1,0.05312096629573011,0.1859611603992672,0.9024492662837474
3,recorded_state,2,akita_black_bowl_1,0.014415743724305902,-0.290718936249757,1.1263999681505408
3,recorded_state,2,akita_black_bowl_2,-0.25224408331025494,-0.15217507849506154,0.9254665858230915
3,recorded_state,2,cookies_1,0.06669794607551764,0.018072925621239435,0.9093590472107405
3,recorded_state,2,glazed_rim_porcelain_ramekin_1,-0.20043188120197492,0.2084309211096655,0.8993278110039082
3,recorded_state,2,plate_1,0.05312096902277127,0.1859611640273866,0.9024859397223486
3,recorded_state,3,akita_black_bowl_1,0.01441574372432027,-0.2907189362496706,1.126399968464713
3,recorded_state,3,akita_black_bowl_2,-0.25224409468384057,-0.15217509096562654,0.9254668148345856
3,recorded_state,3,cookies_1,0.06669794585474277,0.018072925484785222,0.9093677152284176
3,recorded_state,3,glazed_rim_porcelain_ramekin_1,-0.20043188120197433,0.20843092100834315,0.8993376561131016
3,recorded_state,3,plate_1,0.05312096983248279,0.1859611651869958,0.9024959371277931
3,recorded_state,4,akita_black_bowl_1,0.014415743724320775,-0.29071893624966766,1.1263999684758763
3,recorded_state,4,akita_black_bowl_2,-0.2522440959467631,-0.15217509505910684,0.9254668584399022
3,recorded_state,4,cookies_1,0.06669794578156328,0.018072925441559962,0.90937007339995
3,recorded_state,4,glazed_rim_porcelain_ramekin_1,-0.20043188120217736,0.20843092097934698,0.8993403436372365
3,recorded_state,4,plate_1,0.05312097006882688,0.18596116554413925,0.9024986630376887
3,recorded_state,5,akita_black_bowl_1,0.01441574372432079,-0.29071893624966766,1.126399968476273
3,recorded_state,5,akita_black_bowl_2,-0.2522440960060714,-0.15217509616178307,0.9254668669763328
3,recorded_state,5,cookies_1,0.0666979457582226,0.018072925428230406,0.9093707150102053
3,recorded_state,5,glazed_rim_porcelain_ramekin_1,-0.2004318812022851,0.20843092097106716,0.8993410772898146
3,recorded_state,5,plate_1,0.05312097013730329,0.18596116565220613,0.9024994063259789
3,recorded_state,6,akita_black_bowl_1,0.01441574372432079,-0.29071893624966766,1.1263999684762869
3,recorded_state,6,akita_black_bowl_2,-0.25224409598009073,-0.15217509643442603,0.9254668686901419
3,recorded_state,6,cookies_1,0.06669794575095993,0.018072925424192702,0.9093708895835875
3,recorded_state,6,glazed_rim_porcelain_ramekin_1,-0.2004318812023285,0.2084309209687083,0.8993412775663379
3,recorded_state,6,plate_1,0.05312097015705281,0.1859611656845335,0.9024996090050014
3,recorded_state,7,akita_black_bowl_1,0.01441574372432079,-0.29071893624966766,1.1263999684762869
3,recorded_state,7,akita_black_bowl_2,-0.25224409596731345,-0.15217509649884403,0.9254668690417905
3,recorded_state,7,cookies_1,0.06669794574874019,0.01807292542298587,0.9093709370829399
3,recorded_state,7,glazed_rim_porcelain_ramekin_1,-0.20043188120234406,0.20843092096803773,0.8993413322389774
3,recorded_state,7,plate_1,0.05312097016272876,0.18596116569412008,0.9024996642714896
3,recorded_state,8,akita_black_bowl_1,0.01441574372432079,-0.29071893624966766,1.1263999684762869
3,recorded_state,8,akita_black_bowl_2,-0.2522440959632085,-0.15217509651366634,0.9254668691152594
3,recorded_state,8,cookies_1,0.06669794574807104,0.018072925422628956,0.9093709500069758
3,recorded_state,8,glazed_rim_porcelain_ramekin_1,-0.20043188120234934,0.2084309209678475,0.8993413471638334
3,recorded_state,8,plate_1,0.05312097016435509,0.18596116569694274,0.9024996793415632
3,recorded_state,9,akita_black_bowl_1,0.01441574372432079,-0.29071893624966766,1.1263999684762869
3,recorded_state,9,akita_black_bowl_2,-0.2522440959620654,-0.15217509651702224,0.9254668691308333
3,recorded_state,9,cookies_1,0.06669794574787152,0.01807292542252432,0.9093709535234611
3,recorded_state,9,glazed_rim_porcelain_ramekin_1,-0.20043188120235106,0.20843092096779361,0.899341351238108
3,recorded_state,9,plate_1,0.053120970164819835,0.1859611656977688,0.902499683450874
3,recorded_state,10,akita_black_bowl_1,0.01441574372432079,-0.29071893624966766,1.1263999684762869
3,recorded_state,10,akita_black_bowl_2,-0.2522440959617689,-0.15217509651777433,0.9254668691341723
3,recorded_state,10,cookies_1,0.0666979457478126,0.018072925422493863,0.9093709544802573
3,recorded_state,10,glazed_rim_porcelain_ramekin_1,-0.20043188120235164,0.20843092096777835,0.8993413523503272
3,recorded_state,10,plate_1,0.053120970164952326,0.18596116569800936,0.9024996845714018
3,recorded_state,11,akita_black_bowl_1,0.01441574372432079,-0.29071893624966766,1.1263999684762869
3,recorded_state,11,akita_black_bowl_2,-0.2522440959616952,-0.1521750965179418,0.9254668691348944
3,recorded_state,11,cookies_1,0.06669794574779532,0.018072925422485057,0.909370954740591
3,recorded_state,11,glazed_rim_porcelain_ramekin_1,-0.20043188120235164,0.20843092096777405,0.8993413526539474
3,recorded_state,11,plate_1,0.05312097016499001,0.185961165698079,0.9024996848769475
3,recorded_state,12,akita_black_bowl_1,0.01441574372432079,-0.29071893624966766,1.1263999684762869
3,recorded_state,12,akita_black_bowl_2,-0.25224409596167724,-0.15217509651797897,0.9254668691350517
3,recorded_state,12,cookies_1,0.0666979457477903,0.01807292542248253,0.909370954811425
3,recorded_state,12,glazed_rim_porcelain_ramekin_1,-0.20043188120235164,0.20843092096777285,0.8993413527368315
3,recorded_state,12,plate_1,0.053120970165000725,0.18596116569809915,0.9024996849602641
3,recorded_state,13,akita_black_bowl_1,0.01441574372432079,-0.29071893624966766,1.1263999684762869
3,recorded_state,13,akita_black_bowl_2,-0.25224409596167296,-0.15217509651798722,0.9254668691350859
3,recorded_state,13,cookies_1,0.06669794574778884,0.018072925422481803,0.9093709548306982
3,recorded_state,13,glazed_rim_porcelain_ramekin_1,-0.20043188120235164,0.20843092096777255,0.8993413527594578
3,recorded_state,13,plate_1,0.05312097016500375,0.18596116569810497,0.9024996849829828
3,recorded_state,14,akita_black_bowl_1,0.01441574372432079,-0.29071893624966766,1.1263999684762869
3,recorded_state,14,akita_black_bowl_2,-0.2522440959616721,-0.15217509651798902,0.9254668691350934
3,recorded_state,14,cookies_1,0.0666979457477884,0.018072925422481595,0.9093709548359422
3,recorded_state,14,glazed_rim_porcelain_ramekin_1,-0.20043188120235164,0.20843092096777255,0.8993413527656344
3,recorded_state,14,plate_1,0.05312097016500461,0.18596116569810664,0.902499684989178
3,recorded_state,15,akita_black_bowl_1,0.01441574372432079,-0.29071893624966766,1.1263999684762869
3,recorded_state,15,akita_black_bowl_2,-0.2522440959616721,-0.15217509651798947,0.9254668691350949
3,recorded_state,15,cookies_1,0.06669794574778834,0.018072925422481532,0.9093709548373689
3,recorded_state,15,glazed_rim_porcelain_ramekin_1,-0.20043188120235164,0.20843092096777255,0.8993413527673203
3,recorded_state,15,plate_1,0.053120970165004854,0.18596116569810714,0.9024996849908674
3,recorded_state,16,akita_black_bowl_1,0.01441574372432079,-0.29071893624966766,1.1263999684762869
3,recorded_state,16,akita_black_bowl_2,-0.2522440959616721,-0.15217509651798947,0.9254668691350949
3,recorded_state,16,cookies_1,0.06669794574778834,0.018072925422481532,0.9093709548377573
3,recorded_state,16,glazed_rim_porcelain_ramekin_1,-0.20043188120235164,0.20843092096777255,0.8993413527677806
3,recorded_state,16,plate_1,0.0531209701650049,0.18596116569810714,0.9024996849913278
3,recorded_state,17,akita_black_bowl_1,0.01441574372432079,-0.29071893624966766,1.1263999684762869
3,recorded_state,17,akita_black_bowl_2,-0.2522440959616721,-0.15217509651798947,0.9254668691350949
3,recorded_state,17,cookies_1,0.06669794574778834,0.018072925422481532,0.9093709548378627
3,recorded_state,17,glazed_rim_porcelain_ramekin_1,-0.20043188120235164,0.20843092096777255,0.8993413527679063
3,recorded_state,17,plate_1,0.0531209701650049,0.18596116569810714,0.9024996849914534
3,recorded_state,18,akita_black_bowl_1,0.01441574372432079,-0.29071893624966766,1.1263999684762869
3,recorded_state,18,akita_black_bowl_2,-0.2522440959616721,-0.15217509651798947,0.9254668691350949
3,recorded_state,18,cookies_1,0.06669794574778834,0.018072925422481532,0.9093709548378914
3,recorded_state,18,glazed_rim_porcelain_ramekin_1,-0.20043188120235164,0.20843092096777255,0.8993413527679406
3,recorded_state,18,plate_1,0.0531209701650049,0.18596116569810714,0.9024996849914875
3,recorded_state,19,akita_black_bowl_1,0.01441574372432079,-0.29071893624966766,1.1263999684762869
3,recorded_state,19,akita_black_bowl_2,-0.2522440959616721,-0.15217509651798947,0.925466869135095
3,recorded_state,19,cookies_1,0.06669794574778834,0.018072925422481532,0.9093709548378993
3,recorded_state,19,glazed_rim_porcelain_ramekin_1,-0.20043188120235164,0.20843092096777255,0.89934135276795
3,recorded_state,19,plate_1,0.0531209701650049,0.18596116569810714,0.9024996849914969
3,recorded_state,20,akita_black_bowl_1,0.01441574372432079,-0.29071893624966766,1.1263999684762869
3,recorded_state,20,akita_black_bowl_2,-0.2522440959616721,-0.15217509651798947,0.925466869135095
3,recorded_state,20,cookies_1,0.06669794574778834,0.018072925422481532,0.9093709548379013
3,recorded_state,20,glazed_rim_porcelain_ramekin_1,-0.20043188120235164,0.20843092096777255,0.8993413527679525
3,recorded_state,20,plate_1,0.0531209701650049,0.18596116569810714,0.9024996849914995
3,recorded_state,21,akita_black_bowl_1,0.01441574372432079,-0.29071893624966766,1.1263999684762869
3,recorded_state,21,akita_black_bowl_2,-0.2522440959616721,-0.15217509651798947,0.925466869135095
3,recorded_state,21,cookies_1,0.06669794574778834,0.018072925422481532,0.9093709548379013
3,recorded_state,21,glazed_rim_porcelain_ramekin_1,-0.20043188120235164,0.20843092096777255,0.8993413527679525
3,recorded_state,21,plate_1,0.0531209701650049,0.18596116569810714,0.9024996849914995
3,recorded_state,22,akita_black_bowl_1,0.01441574372432079,-0.29071893624966766,1.1263999684762869
3,recorded_state,22,akita_black_bowl_2,-0.2522440959616721,-0.15217509651798947,0.925466869135095
3,recorded_state,22,cookies_1,0.06669794574778834,0.018072925422481532,0.9093709548379013
3,recorded_state,22,glazed_rim_porcelain_ramekin_1,-0.20043188120235164,0.20843092096777255,0.8993413527679525
3,recorded_state,22,plate_1,0.0531209701650049,0.18596116569810714,0.9024996849914995
3,recorded_state,23,akita_black_bowl_1,0.01441574372432079,-0.29071893624966766,1.1263999684762869
3,recorded_state,23,akita_black_bowl_2,-0.2522440959616721,-0.15217509651798947,0.925466869135095
3,recorded_state,23,cookies_1,0.06669794574778834,0.018072925422481532,0.9093709548379013
3,recorded_state,23,glazed_rim_porcelain_ramekin_1,-0.20043188120235164,0.20843092096777255,0.8993413527679525
3,recorded_state,23,plate_1,0.0531209701650049,0.18596116569810714,0.9024996849914995
3,recorded_state,24,akita_black_bowl_1,0.01441574372432079,-0.29071893624966766,1.1263999684762869
3,recorded_state,24,akita_black_bowl_2,-0.2522440959616721,-0.15217509651798947,0.925466869135095
3,recorded_state,24,cookies_1,0.06669794574778834,0.018072925422481532,0.9093709548379013
3,recorded_state,24,glazed_rim_porcelain_ramekin_1,-0.20043188120235164,0.20843092096777255,0.8993413527679525
3,recorded_state,24,plate_1,0.0531209701650049,0.18596116569810714,0.9024996849914995
3,recorded_state,25,akita_black_bowl_1,0.01441574372432079,-0.29071893624966766,1.1263999684762869
3,recorded_state,25,akita_black_bowl_2,-0.2522440959616721,-0.15217509651798947,0.925466869135095
3,recorded_state,25,cookies_1,0.06669794574778834,0.018072925422481532,0.9093709548379013
3,recorded_state,25,glazed_rim_porcelain_ramekin_1,-0.20043188120235164,0.20843092096777255,0.8993413527679525
3,recorded_state,25,plate_1,0.0531209701650049,0.18596116569810714,0.9024996849914995
3,recorded_state,26,akita_black_bowl_1,0.01441574372432079,-0.29071893624966766,1.1263999684762869
3,recorded_state,26,akita_black_bowl_2,-0.2522440959616721,-0.15217509651798947,0.925466869135095
3,recorded_state,26,cookies_1,0.06669794574778834,0.018072925422481532,0.9093709548379013
3,recorded_state,26,glazed_rim_porcelain_ramekin_1,-0.20043188120235164,0.20843092096777255,0.8993413527679525
3,recorded_state,26,plate_1,0.0531209701650049,0.18596116569810714,0.9024996849914995
3,recorded_state,27,akita_black_bowl_1,0.01441574372432079,-0.29071893624966766,1.1263999684762869
3,recorded_state,27,akita_black_bowl_2,-0.2522440959616721,-0.15217509651798947,0.925466869135095
3,recorded_state,27,cookies_1,0.06669794574778834,0.018072925422481532,0.9093709548379013
3,recorded_state,27,glazed_rim_porcelain_ramekin_1,-0.20043188120235164,0.20843092096777255,0.8993413527679525
3,recorded_state,27,plate_1,0.0531209701650049,0.18596116569810714,0.9024996849914995
3,recorded_state,28,akita_black_bowl_1,0.01441574372432079,-0.29071893624966766,1.1263999684762869
3,recorded_state,28,akita_black_bowl_2,-0.2522440959616721,-0.15217509651798947,0.925466869135095
3,recorded_state,28,cookies_1,0.06669794574778834,0.018072925422481532,0.9093709548379013
3,recorded_state,28,glazed_rim_porcelain_ramekin_1,-0.20043188120235164,0.20843092096777255,0.8993413527679525
3,recorded_state,28,plate_1,0.0531209701650049,0.18596116569810714,0.9024996849914995
3,recorded_state,29,akita_black_bowl_1,0.01441574372432079,-0.29071893624966766,1.1263999684762869
3,recorded_state,29,akita_black_bowl_2,-0.2522440959616721,-0.15217509651798947,0.925466869135095
3,recorded_state,29,cookies_1,0.06669794574778834,0.018072925422481532,0.9093709548379013
3,recorded_state,29,glazed_rim_porcelain_ramekin_1,-0.20043188120235164,0.20843092096777255,0.8993413527679525
3,recorded_state,29,plate_1,0.0531209701650049,0.18596116569810714,0.9024996849914995
3,recorded_state,30,akita_black_bowl_1,0.01441574372432079,-0.29071893624966766,1.1263999684762869
3,recorded_state,30,akita_black_bowl_2,-0.2522440959616721,-0.15217509651798947,0.925466869135095
3,recorded_state,30,cookies_1,0.06669794574778834,0.018072925422481532,0.9093709548379013
3,recorded_state,30,glazed_rim_porcelain_ramekin_1,-0.20043188120235164,0.20843092096777255,0.8993413527679525
3,recorded_state,30,plate_1,0.0531209701650049,0.18596116569810714,0.9024996849914995
3,recorded_state,31,akita_black_bowl_1,0.01441574372432079,-0.29071893624966766,1.1263999684762869
3,recorded_state,31,akita_black_bowl_2,-0.2522440959616721,-0.15217509651798947,0.9254668691350951
3,recorded_state,31,cookies_1,0.06669794574778834,0.018072925422481532,0.9093709548379013
3,recorded_state,31,glazed_rim_porcelain_ramekin_1,-0.20043188120235164,0.20843092096777255,0.8993413527679525
3,recorded_state,31,plate_1,0.0531209701650049,0.18596116569810714,0.9024996849914995
3,recorded_state,32,akita_black_bowl_1,0.01441574372432079,-0.29071893624966766,1.1263999684762869
3,recorded_state,32,akita_black_bowl_2,-0.2522440959616721,-0.15217509651798947,0.9254668691350951
3,recorded_state,32,cookies_1,0.06669794574778834,0.018072925422481532,0.9093709548379013
3,recorded_state,32,glazed_rim_porcelain_ramekin_1,-0.20043188120235164,0.20843092096777255,0.8993413527679525
3,recorded_state,32,plate_1,0.0531209701650049,0.18596116569810714,0.9024996849914995
3,recorded_state,33,akita_black_bowl_1,0.01441574372432079,-0.29071893624966766,1.1263999684762869
3,recorded_state,33,akita_black_bowl_2,-0.2522440959616721,-0.15217509651798947,0.9254668691350951
3,recorded_state,33,cookies_1,0.06669794574778834,0.018072925422481532,0.9093709548379013
3,recorded_state,33,glazed_rim_porcelain_ramekin_1,-0.20043188120235164,0.20843092096777255,0.8993413527679525
3,recorded_state,33,plate_1,0.0531209701650049,0.18596116569810714,0.9024996849914995
3,recorded_state,34,akita_black_bowl_1,0.01441574372432079,-0.29071893624966766,1.1263999684762869
3,recorded_state,34,akita_black_bowl_2,-0.2522440959616721,-0.15217509651798947,0.9254668691350951
3,recorded_state,34,cookies_1,0.06669794574778834,0.018072925422481532,0.9093709548379013
3,recorded_state,34,glazed_rim_porcelain_ramekin_1,-0.20043188120235164,0.20843092096777255,0.8993413527679525
3,recorded_state,34,plate_1,0.0531209701650049,0.18596116569810714,0.9024996849914995
3,recorded_state,35,akita_black_bowl_1,0.01441574372432079,-0.29071893624966766,1.1263999684762869
3,recorded_state,35,akita_black_bowl_2,-0.2522440959616721,-0.15217509651798947,0.9254668691350951
3,recorded_state,35,cookies_1,0.06669794574778834,0.018072925422481532,0.9093709548379013
3,recorded_state,35,glazed_rim_porcelain_ramekin_1,-0.20043188120235164,0.20843092096777255,0.8993413527679525
3,recorded_state,35,plate_1,0.0531209701650049,0.18596116569810714,0.9024996849914995
3,recorded_state,36,akita_black_bowl_1,0.01441574372432079,-0.29071893624966766,1.1263999684762869
3,recorded_state,36,akita_black_bowl_2,-0.2522440959616721,-0.15217509651798947,0.9254668691350951
3,recorded_state,36,cookies_1,0.06669794574778834,0.018072925422481532,0.9093709548379013
3,recorded_state,36,glazed_rim_porcelain_ramekin_1,-0.20043188120235164,0.20843092096777255,0.8993413527679525
3,recorded_state,36,plate_1,0.0531209701650049,0.18596116569810714,0.9024996849914995
3,recorded_state,37,akita_black_bowl_1,0.01441574372432079,-0.29071893624966766,1.1263999684762869
3,recorded_state,37,akita_black_bowl_2,-0.2522440959616721,-0.15217509651798947,0.9254668691350951
3,recorded_state,37,cookies_1,0.06669794574778834,0.018072925422481532,0.9093709548379013
3,recorded_state,37,glazed_rim_porcelain_ramekin_1,-0.20043188120235164,0.20843092096777255,0.8993413527679525
3,recorded_state,37,plate_1,0.0531209701650049,0.18596116569810714,0.9024996849914995
3,recorded_state,38,akita_black_bowl_1,0.01441574372432079,-0.29071893624966766,1.1263999684762869
3,recorded_state,38,akita_black_bowl_2,-0.2522440959616721,-0.15217509651798947,0.9254668691350951
3,recorded_state,38,cookies_1,0.06669794574778834,0.018072925422481532,0.9093709548379013
3,recorded_state,38,glazed_rim_porcelain_ramekin_1,-0.20043188120235164,0.20843092096777255,0.8993413527679525
3,recorded_state,38,plate_1,0.0531209701650049,0.18596116569810714,0.9024996849914995
3,recorded_state,39,akita_black_bowl_1,0.01441574372432079,-0.29071893624966766,1.1263999684762869
3,recorded_state,39,akita_black_bowl_2,-0.2522440959616721,-0.15217509651798947,0.9254668691350951
3,recorded_state,39,cookies_1,0.06669794574778834,0.018072925422481532,0.9093709548379013
3,recorded_state,39,glazed_rim_porcelain_ramekin_1,-0.20043188120235164,0.20843092096777255,0.8993413527679525
3,recorded_state,39,plate_1,0.0531209701650049,0.18596116569810714,0.9024996849914995
3,recorded_state,40,akita_black_bowl_1,0.01441574372432079,-0.29071893624966766,1.1263999684762869
3,recorded_state,40,akita_black_bowl_2,-0.2522440959616721,-0.15217509651798947,0.9254668691350951
3,recorded_state,40,cookies_1,0.06669794574778834,0.018072925422481532,0.9093709548379013
3,recorded_state,40,glazed_rim_porcelain_ramekin_1,-0.20043188120235164,0.20843092096777255,0.8993413527679525
3,recorded_state,40,plate_1,0.0531209701650049,0.18596116569810714,0.9024996849914995
3,recorded_state,41,akita_black_bowl_1,0.01441574372432079,-0.29071893624966766,1.1263999684762869
3,recorded_state,41,akita_black_bowl_2,-0.2522440959616721,-0.15217509651798947,0.9254668691350951
3,recorded_state,41,cookies_1,0.06669794574778834,0.018072925422481532,0.9093709548379013
3,recorded_state,41,glazed_rim_porcelain_ramekin_1,-0.20043188120235164,0.20843092096777255,0.8993413527679525
3,recorded_state,41,plate_1,0.0531209701650049,0.18596116569810714,0.9024996849914995
3,recorded_state,42,akita_black_bowl_1,0.01441574372432079,-0.29071893624966766,1.1263999684762869
3,recorded_state,42,akita_black_bowl_2,-0.2522440959616721,-0.15217509651798947,0.9254668691350951
3,recorded_state,42,cookies_1,0.06669794574778834,0.018072925422481532,0.9093709548379013
3,recorded_state,42,glazed_rim_porcelain_ramekin_1,-0.20043188120235164,0.20843092096777255,0.8993413527679525
3,recorded_state,42,plate_1,0.0531209701650049,0.18596116569810714,0.9024996849914995
3,recorded_state,43,akita_black_bowl_1,0.01441574372432079,-0.29071893624966766,1.1263999684762869
3,recorded_state,43,akita_black_bowl_2,-0.2522440959616721,-0.15217509651798947,0.9254668691350951
3,recorded_state,43,cookies_1,0.06669794574778834,0.018072925422481532,0.9093709548379013
3,recorded_state,43,glazed_rim_porcelain_ramekin_1,-0.20043188120235164,0.20843092096777255,0.8993413527679525
3,recorded_state,43,plate_1,0.0531209701650049,0.18596116569810714,0.9024996849914995
3,recorded_state,44,akita_black_bowl_1,0.01441574372432079,-0.29071893624966766,1.1263999684762869
3,recorded_state,44,akita_black_bowl_2,-0.2522440959616721,-0.15217509651798947,0.9254668691350951
3,recorded_state,44,cookies_1,0.06669794574778834,0.018072925422481532,0.9093709548379013
3,recorded_state,44,glazed_rim_porcelain_ramekin_1,-0.20043188120235164,0.20843092096777255,0.8993413527679525
3,recorded_state,44,plate_1,0.0531209701650049,0.18596116569810714,0.9024996849914995
3,recorded_state,45,akita_black_bowl_1,0.01441574372432079,-0.29071893624966766,1.1263999684762869
3,recorded_state,45,akita_black_bowl_2,-0.2522440959616721,-0.15217509651798947,0.9254668691350951
3,recorded_state,45,cookies_1,0.06669794574778834,0.018072925422481532,0.9093709548379013
3,recorded_state,45,glazed_rim_porcelain_ramekin_1,-0.20043188120235164,0.20843092096777255,0.8993413527679525
3,recorded_state,45,plate_1,0.0531209701650049,0.18596116569810714,0.9024996849914995
3,recorded_state,46,akita_black_bowl_1,0.01441574372432079,-0.29071893624966766,1.1263999684762869
3,recorded_state,46,akita_black_bowl_2,-0.2522440959616721,-0.15217509651798947,0.9254668691350951
3,recorded_state,46,cookies_1,0.06669794574778834,0.018072925422481532,0.9093709548379013
3,recorded_state,46,glazed_rim_porcelain_ramekin_1,-0.20043188120235164,0.20843092096777255,0.8993413527679525
3,recorded_state,46,plate_1,0.0531209701650049,0.18596116569810714,0.9024996849914995
3,recorded_state,47,akita_black_bowl_1,0.01441574372432079,-0.29071893624966766,1.1263999684762869
3,recorded_state,47,akita_black_bowl_2,-0.2522440959616721,-0.15217509651798947,0.9254668691350951
3,recorded_state,47,cookies_1,0.06669794574778834,0.018072925422481532,0.9093709548379013
3,recorded_state,47,glazed_rim_porcelain_ramekin_1,-0.20043188120235164,0.20843092096777255,0.8993413527679525
3,recorded_state,47,plate_1,0.0531209701650049,0.18596116569810714,0.9024996849914995
3,recorded_state,48,akita_black_bowl_1,0.01441574372432079,-0.29071893624966766,1.1263999684762869
3,recorded_state,48,akita_black_bowl_2,-0.2522440959616721,-0.15217509651798947,0.9254668691350953
3,recorded_state,48,cookies_1,0.06669794574778834,0.018072925422481532,0.9093709548379013
3,recorded_state,48,glazed_rim_porcelain_ramekin_1,-0.20043188120235164,0.20843092096777255,0.8993413527679525
3,recorded_state,48,plate_1,0.0531209701650049,0.18596116569810714,0.9024996849914995
3,recorded_state,49,akita_black_bowl_1,0.01441574372432079,-0.29071893624966766,1.1263999684762869
3,recorded_state,49,akita_black_bowl_2,-0.2522440959616721,-0.15217509651798947,0.9254668691350953
3,recorded_state,49,cookies_1,0.06669794574778834,0.018072925422481532,0.9093709548379013
3,recorded_state,49,glazed_rim_porcelain_ramekin_1,-0.20043188120235164,0.20843092096777255,0.8993413527679525
3,recorded_state,49,plate_1,0.0531209701650049,0.18596116569810714,0.9024996849914995
3,recorded_state,50,akita_black_bowl_1,0.014403900782682636,-0.2903960072025496,1.127378701894432
3,recorded_state,50,akita_black_bowl_2,-0.2522440959616721,-0.15217509651798947,0.9254668691350953
3,recorded_state,50,cookies_1,0.06669794574778834,0.018072925422481532,0.9093709548379013
3,recorded_state,50,glazed_rim_porcelain_ramekin_1,-0.20043188120235164,0.20843092096777255,0.8993413527679525
3,recorded_state,50,plate_1,0.0531209701650049,0.18596116569810714,0.9024996849914995
3,recorded_state,51,akita_black_bowl_1,0.014264511168326083,-0.2895935696187725,1.128166674323594
3,recorded_state,51,akita_black_bowl_2,-0.2522440959616721,-0.15217509651798947,0.9254668691350953
3,recorded_state,51,cookies_1,0.06669794574778834,0.018072925422481532,0.9093709548379013
3,recorded_state,51,glazed_rim_porcelain_ramekin_1,-0.20043188120235164,0.20843092096777255,0.8993413527679525
3,recorded_state,51,plate_1,0.0531209701650049,0.18596116569810714,0.9024996849914995
3,recorded_state,52,akita_black_bowl_1,0.013699170941112955,-0.2874876676199074,1.12814998045856
3,recorded_state,52,akita_black_bowl_2,-0.2522440959616721,-0.15217509651798947,0.9254668691350953
3,recorded_state,52,cookies_1,0.06669794574778834,0.018072925422481532,0.9093709548379013
3,recorded_state,52,glazed_rim_porcelain_ramekin_1,-0.20043188120235164,0.20843092096777255,0.8993413527679525
3,recorded_state,52,plate_1,0.0531209701650049,0.18596116569810714,0.9024996849914995
3,recorded_state,53,akita_black_bowl_1,0.013630290320994214,-0.28748714629303473,1.1266077416332354
3,recorded_state,53,akita_black_bowl_2,-0.2522440959616721,-0.15217509651798947,0.9254668691350953
3,recorded_state,53,cookies_1,0.06669794574778834,0.018072925422481532,0.9093709548379013
3,recorded_state,53,glazed_rim_porcelain_ramekin_1,-0.20043188120235164,0.20843092096777255,0.8993413527679525
3,recorded_state,53,plate_1,0.0531209701650049,0.18596116569810714,0.9024996849914995
3,recorded_state,54,akita_black_bowl_1,0.01364534564313111,-0.2874872609005886,1.1263991986578432
3,recorded_state,54,akita_black_bowl_2,-0.2522440959616721,-0.15217509651798947,0.9254668691350953
3,recorded_state,54,cookies_1,0.06669794574778834,0.018072925422481532,0.9093709548379013
3,recorded_state,54,glazed_rim_porcelain_ramekin_1,-0.20043188120235164,0.20843092096777255,0.8993413527679525
3,recorded_state,54,plate_1,0.0531209701650049,0.18596116569810714,0.9024996849914995
3,recorded_state,55,akita_black_bowl_1,0.013645418298819597,-0.2874872606644463,1.126399940498533
3,recorded_state,55,akita_black_bowl_2,-0.2522440959616721,-0.15217509651798947,0.9254668691350953
3,recorded_state,55,cookies_1,0.06669794574778834,0.018072925422481532,0.9093709548379013
3,recorded_state,55,glazed_rim_porcelain_ramekin_1,-0.20043188120235164,0.20843092096777255,0.8993413527679525
3,recorded_state,55,plate_1,0.0531209701650049,0.18596116569810714,0.9024996849914995
3,recorded_state,56,akita_black_bowl_1,0.013565009700724603,-0.2873587086703705,1.126576094232896
3,recorded_state,56,akita_black_bowl_2,-0.2522440959616721,-0.15217509651798947,0.9254668691350953
3,recorded_state,56,cookies_1,0.06669794574778834,0.018072925422481532,0.9093709548379013
3,recorded_state,56,glazed_rim_porcelain_ramekin_1,-0.20043188120235164,0.20843092096777255,0.8993413527679525
3,recorded_state,56,plate_1,0.0531209701650049,0.18596116569810714,0.9024996849914995
3,recorded_state,57,akita_black_bowl_1,0.011270140949071507,-0.2833288711822747,1.1268398165383147
3,recorded_state,57,akita_black_bowl_2,-0.2522440959616721,-0.15217509651798947,0.9254668691350953
3,recorded_state,57,cookies_1,0.06669794574778834,0.018072925422481532,0.9093709548379013
3,recorded_state,57,glazed_rim_porcelain_ramekin_1,-0.20043188120235164,0.20843092096777255,0.8993413527679525
3,recorded_state,57,plate_1,0.0531209701650049,0.18596116569810714,0.9024996849914995
3,recorded_state,58,akita_black_bowl_1,0.008662552729399309,-0.27915823622860786,1.1271046447855897
3,recorded_state,58,akita_black_bowl_2,-0.2522440959616721,-0.15217509651798947,0.9254668691350953
3,recorded_state,58,cookies_1,0.06669794574778834,0.018072925422481532,0.9093709548379013
3,recorded_state,58,glazed_rim_porcelain_ramekin_1,-0.20043188120235164,0.20843092096777255,0.8993413527679525
3,recorded_state,58,plate_1,0.0531209701650049,0.18596116569810714,0.9024996849914995
3,recorded_state,59,akita_black_bowl_1,0.004979187119801985,-0.2756908162148905,1.1269131843357476
3,recorded_state,59,akita_black_bowl_2,-0.2522440959616721,-0.15217509651798947,0.9254668691350953
3,recorded_state,59,cookies_1,0.06669794574778834,0.018072925422481532,0.9093709548379013
3,recorded_state,59,glazed_rim_porcelain_ramekin_1,-0.20043188120235164,0.20843092096777255,0.8993413527679525
3,recorded_state,59,plate_1,0.0531209701650049,0.18596116569810714,0.9024996849914995
3,recorded_state,60,akita_black_bowl_1,-0.001597028623728103,-0.27407103481133177,1.1280245665798554
3,recorded_state,60,akita_black_bowl_2,-0.2522440959616721,-0.15217509651798947,0.9254668691350953
3,recorded_state,60,cookies_1,0.06669794574778834,0.018072925422481532,0.9093709548379013
3,recorded_state,60,glazed_rim_porcelain_ramekin_1,-0.20043188120235164,0.20843092096777255,0.8993413527679525
3,recorded_state,60,plate_1,0.0531209701650049,0.18596116569810714,0.9024996849914995
3,recorded_state,61,akita_black_bowl_1,-0.004582392099749202,-0.2709631331858213,1.1291720727411352
3,recorded_state,61,akita_black_bowl_2,-0.2522440959616721,-0.15217509651798947,0.9254668691350953
3,recorded_state,61,cookies_1,0.06669794574778834,0.018072925422481532,0.9093709548379013
3,recorded_state,61,glazed_rim_porcelain_ramekin_1,-0.20043188120235164,0.20843092096777255,0.8993413527679525
3,recorded_state,61,plate_1,0.0531209701650049,0.18596116569810714,0.9024996849914995
3,recorded_state,62,akita_black_bowl_1,-0.00729794417194386,-0.26618226850311677,1.131045145762246
3,recorded_state,62,akita_black_bowl_2,-0.2522440959616721,-0.15217509651798947,0.9254668691350953
3,recorded_state,62,cookies_1,0.06669794574778834,0.018072925422481532,0.9093709548379013
3,recorded_state,62,glazed_rim_porcelain_ramekin_1,-0.20043188120235164,0.20843092096777255,0.8993413527679525
3,recorded_state,62,plate_1,0.0531209701650049,0.18596116569810714,0.9024996849914995
3,recorded_state,63,akita_black_bowl_1,-0.01106165212496794,-0.2609999095006582,1.1340163428004286
3,recorded_state,63,akita_black_bowl_2,-0.2522440959616721,-0.15217509651798947,0.9254668691350953
3,recorded_state,63,cookies_1,0.06669794574778834,0.018072925422481532,0.9093709548379013
3,recorded_state,63,glazed_rim_porcelain_ramekin_1,-0.20043188120235164,0.20843092096777255,0.8993413527679525
3,recorded_state,63,plate_1,0.0531209701650049,0.18596116569810714,0.9024996849914995
3,recorded_state,64,akita_black_bowl_1,-0.0117057996322448,-0.25992590034442353,1.1426252378954798
3,recorded_state,64,akita_black_bowl_2,-0.2522440959616721,-0.15217509651798947,0.9254668691350953
3,recorded_state,64,cookies_1,0.06669794574778834,0.018072925422481532,0.9093709548379013
3,recorded_state,64,glazed_rim_porcelain_ramekin_1,-0.20043188120235164,0.20843092096777255,0.8993413527679525
3,recorded_state,64,plate_1,0.0531209701650049,0.18596116569810714,0.9024996849914995
3,recorded_state,65,akita_black_bowl_1,-0.012537045835112379,-0.2580036553217795,1.1530348304191593
3,recorded_state,65,akita_black_bowl_2,-0.2522440959616721,-0.15217509651798947,0.9254668691350953
3,recorded_state,65,cookies_1,0.06669794574778834,0.018072925422481532,0.9093709548379013
3,recorded_state,65,glazed_rim_porcelain_ramekin_1,-0.20043188120235164,0.20843092096777255,0.8993413527679525
3,recorded_state,65,plate_1,0.0531209701650049,0.18596116569810714,0.9024996849914995
3,recorded_state,66,akita_black_bowl_1,-0.01287624949971819,-0.2545333071749509,1.1646608873413333
3,recorded_state,66,akita_black_bowl_2,-0.2522440959616721,-0.15217509651798947,0.9254668691350953
3,recorded_state,66,cookies_1,0.06669794574778834,0.018072925422481532,0.9093709548379013
3,recorded_state,66,glazed_rim_porcelain_ramekin_1,-0.20043188120235164,0.20843092096777255,0.8993413527679525
3,recorded_state,66,plate_1,0.0531209701650049,0.18596116569810714,0.9024996849914995
3,recorded_state,67,akita_black_bowl_1,-0.012772762320814967,-0.24929279609926533,1.176814314243641
3,recorded_state,67,akita_black_bowl_2,-0.2522440959616721,-0.15217509651798947,0.9254668691350953
3,recorded_state,67,cookies_1,0.06669794574778834,0.018072925422481532,0.9093709548379013
3,recorded_state,67,glazed_rim_porcelain_ramekin_1,-0.20043188120235164,0.20843092096777255,0.8993413527679525
3,recorded_state,67,plate_1,0.0531209701650049,0.18596116569810714,0.9024996849914995
3,recorded_state,68,akita_black_bowl_1,-0.01265201722666384,-0.24229211896179742,1.1894193680075364
3,recorded_state,68,akita_black_bowl_2,-0.2522440959616721,-0.15217509651798947,0.9254668691350953
3,recorded_state,68,cookies_1,0.06669794574778834,0.018072925422481532,0.9093709548379013
3,recorded_state,68,glazed_rim_porcelain_ramekin_1,-0.20043188120235164,0.20843092096777255,0.8993413527679525
3,recorded_state,68,plate_1,0.0531209701650049,0.18596116569810714,0.9024996849914995
3,recorded_state,69,akita_black_bowl_1,-0.01258525164125032,-0.23399908762058033,1.2019695456090174
3,recorded_state,69,akita_black_bowl_2,-0.2522440959616721,-0.15217509651798947,0.9254668691350953
3,recorded_state,69,cookies_1,0.06669794574778834,0.018072925422481532,0.9093709548379013
3,recorded_state,69,glazed_rim_porcelain_ramekin_1,-0.20043188120235164,0.20843092096777255,0.8993413527679525
3,recorded_state,69,plate_1,0.0531209701650049,0.18596116569810714,0.9024996849914995
3,recorded_state,70,akita_black_bowl_1,-0.012532358898226625,-0.22532912129911772,1.2141565478154024
3,recorded_state,70,akita_black_bowl_2,-0.2522440959616721,-0.15217509651798947,0.9254668691350953
3,recorded_state,70,cookies_1,0.06669794574778834,0.018072925422481532,0.9093709548379013
3,recorded_state,70,glazed_rim_porcelain_ramekin_1,-0.20043188120235164,0.20843092096777255,0.8993413527679525
3,recorded_state,70,plate_1,0.0531209701650049,0.18596116569810714,0.9024996849914995
3,recorded_state,71,akita_black_bowl_1,-0.01250304784886004,-0.21673479348660396,1.2250521669242422
3,recorded_state,71,akita_black_bowl_2,-0.2522440959616721,-0.15217509651798947,0.9254668691350953
3,recorded_state,71,cookies_1,0.06669794574778834,0.018072925422481532,0.9093709548379013
3,recorded_state,71,glazed_rim_porcelain_ramekin_1,-0.20043188120235164,0.20843092096777255,0.8993413527679525
3,recorded_state,71,plate_1,0.0531209701650049,0.18596116569810714,0.9024996849914995
3,recorded_state,72,akita_black_bowl_1,-0.012272162411194809,-0.20787416033456868,1.2343028840359742
3,recorded_state,72,akita_black_bowl_2,-0.2522440959616721,-0.15217509651798947,0.9254668691350953
3,recorded_state,72,cookies_1,0.06669794574778834,0.018072925422481532,0.9093709548379013
3,recorded_state,72,glazed_rim_porcelain_ramekin_1,-0.20043188120235164,0.20843092096777255,0.8993413527679525
3,recorded_state,72,plate_1,0.0531209701650049,0.18596116569810714,0.9024996849914995
3,recorded_state,73,akita_black_bowl_1,-0.011853705128115889,-0.19838342665231823,1.2418741788097236
3,recorded_state,73,akita_black_bowl_2,-0.2522440959616721,-0.15217509651798947,0.9254668691350953
3,recorded_state,73,cookies_1,0.06669794574778834,0.018072925422481532,0.9093709548379013
3,recorded_state,73,glazed_rim_porcelain_ramekin_1,-0.20043188120235164,0.20843092096777255,0.8993413527679525
3,recorded_state,73,plate_1,0.0531209701650049,0.18596116569810714,0.9024996849914995
3,recorded_state,74,akita_black_bowl_1,-0.01133952902159552,-0.18846617896693058,1.2480052591430544
3,recorded_state,74,akita_black_bowl_2,-0.2522440959616721,-0.15217509651798947,0.9254668691350953
3,recorded_state,74,cookies_1,0.06669794574778834,0.018072925422481532,0.9093709548379013
3,recorded_state,74,glazed_rim_porcelain_ramekin_1,-0.20043188120235164,0.20843092096777255,0.8993413527679525
3,recorded_state,74,plate_1,0.0531209701650049,0.18596116569810714,0.9024996849914995
3,recorded_state,75,akita_black_bowl_1,-0.010740559731826133,-0.17819285958714629,1.2527948466912955
3,recorded_state,75,akita_black_bowl_2,-0.2522440959616721,-0.15217509651798947,0.9254668691350953
3,recorded_state,75,cookies_1,0.06669794574778834,0.018072925422481532,0.9093709548379013
3,recorded_state,75,glazed_rim_porcelain_ramekin_1,-0.20043188120235164,0.20843092096777255,0.8993413527679525
3,recorded_state,75,plate_1,0.0531209701650049,0.18596116569810714,0.9024996849914995
3,recorded_state,76,akita_black_bowl_1,-0.010065171890153797,-0.16764210816281336,1.256544328838748
3,recorded_state,76,akita_black_bowl_2,-0.2522440959616721,-0.15217509651798947,0.9254668691350953
3,recorded_state,76,cookies_1,0.06669794574778834,0.018072925422481532,0.9093709548379013
3,recorded_state,76,glazed_rim_porcelain_ramekin_1,-0.20043188120235164,0.20843092096777255,0.8993413527679525
3,recorded_state,76,plate_1,0.0531209701650049,0.18596116569810714,0.9024996849914995
3,recorded_state,77,akita_black_bowl_1,-0.009402406817918348,-0.15707855843770535,1.2595753854634208
3,recorded_state,77,akita_black_bowl_2,-0.2522440959616721,-0.15217509651798947,0.9254668691350953
3,recorded_state,77,cookies_1,0.06669794574778834,0.018072925422481532,0.9093709548379013
3,recorded_state,77,glazed_rim_porcelain_ramekin_1,-0.20043188120235164,0.20843092096777255,0.8993413527679525
3,recorded_state,77,plate_1,0.0531209701650049,0.18596116569810714,0.9024996849914995
3,recorded_state,78,akita_black_bowl_1,-0.008566041108222693,-0.14645087350908742,1.2616581198550545
3,recorded_state,78,akita_black_bowl_2,-0.2522440959616721,-0.15217509651798947,0.9254668691350953
3,recorded_state,78,cookies_1,0.06669794574778834,0.018072925422481532,0.9093709548379013
3,recorded_state,78,glazed_rim_porcelain_ramekin_1,-0.20043188120235164,0.20843092096777255,0.8993413527679525
3,recorded_state,78,plate_1,0.0531209701650049,0.18596116569810714,0.9024996849914995
3,recorded_state,79,akita_black_bowl_1,-0.007486507176239813,-0.1356890014091988,1.2625810096456973
3,recorded_state,79,akita_black_bowl_2,-0.2522440959616721,-0.15217509651798947,0.9254668691350953
3,recorded_state,79,cookies_1,0.06669794574778834,0.018072925422481532,0.9093709548379013
3,recorded_state,79,glazed_rim_porcelain_ramekin_1,-0.20043188120235164,0.20843092096777255,0.8993413527679525
3,recorded_state,79,plate_1,0.0531209701650049,0.18596116569810714,0.9024996849914995
3,recorded_state,80,akita_black_bowl_1,-0.006254995847098248,-0.12480686444850195,1.2627743132544806
3,recorded_state,80,akita_black_bowl_2,-0.2522440959616721,-0.15217509651798947,0.9254668691350953
3,recorded_state,80,cookies_1,0.06669794574778834,0.018072925422481532,0.9093709548379013
3,recorded_state,80,glazed_rim_porcelain_ramekin_1,-0.20043188120235164,0.20843092096777255,0.8993413527679525
3,recorded_state,80,plate_1,0.0531209701650049,0.18596116569810714,0.9024996849914995
3,recorded_state,81,akita_black_bowl_1,-0.00498689040125726,-0.11386482895171691,1.2627182259286933
3,recorded_state,81,akita_black_bowl_2,-0.2522440959616721,-0.15217509651798947,0.9254668691350953
3,recorded_state,81,cookies_1,0.06669794574778834,0.018072925422481532,0.9093709548379013
3,recorded_state,81,glazed_rim_porcelain_ramekin_1,-0.20043188120235164,0.20843092096777255,0.8993413527679525
3,recorded_state,81,plate_1,0.0531209701650049,0.18596116569810714,0.9024996849914995
3,recorded_state,82,akita_black_bowl_1,-0.0037020959674989684,-0.10288438473217187,1.262545607031491
3,recorded_state,82,akita_black_bowl_2,-0.2522440959616721,-0.15217509651798947,0.9254668691350953
3,recorded_state,82,cookies_1,0.06669794574778834,0.018072925422481532,0.9093709548379013
3,recorded_state,82,glazed_rim_porcelain_ramekin_1,-0.20043188120235164,0.20843092096777255,0.8993413527679525
3,recorded_state,82,plate_1,0.0531209701650049,0.18596116569810714,0.9024996849914995
3,recorded_state,83,akita_black_bowl_1,-0.002404199029334115,-0.09188627886835696,1.2623056687248553
3,recorded_state,83,akita_black_bowl_2,-0.2522440959616721,-0.15217509651798947,0.9254668691350953
3,recorded_state,83,cookies_1,0.06669794574778834,0.018072925422481532,0.9093709548379013
3,recorded_state,83,glazed_rim_porcelain_ramekin_1,-0.20043188120235164,0.20843092096777255,0.8993413527679525
3,recorded_state,83,plate_1,0.0531209701650049,0.18596116569810714,0.9024996849914995
3,recorded_state,84,akita_black_bowl_1,-0.0010376131470600893,-0.08088544150513059,1.2620164073512679
3,recorded_state,84,akita_black_bowl_2,-0.2522440959616721,-0.15217509651798947,0.9254668691350953
3,recorded_state,84,cookies_1,0.06669794574778834,0.018072925422481532,0.9093709548379013
3,recorded_state,84,glazed_rim_porcelain_ramekin_1,-0.20043188120235164,0.20843092096777255,0.8993413527679525
3,recorded_state,84,plate_1,0.0531209701650049,0.18596116569810714,0.9024996849914995
3,recorded_state,85,akita_black_bowl_1,0.0005734319446839553,-0.06988920390483397,1.2616993673805073
3,recorded_state,85,akita_black_bowl_2,-0.2522440959616721,-0.15217509651798947,0.9254668691350953
3,recorded_state,85,cookies_1,0.06669794574778834,0.018072925422481532,0.9093709548379013
3,recorded_state,85,glazed_rim_porcelain_ramekin_1,-0.20043188120235164,0.20843092096777255,0.8993413527679525
3,recorded_state,85,plate_1,0.0531209701650049,0.18596116569810714,0.9024996849914995
3,recorded_state,86,akita_black_bowl_1,0.0024901061857051715,-0.05886736928412678,1.2612115968589148
3,recorded_state,86,akita_black_bowl_2,-0.2522440959616721,-0.15217509651798947,0.9254668691350953
3,recorded_state,86,cookies_1,0.06669794574778834,0.018072925422481532,0.9093709548379013
3,recorded_state,86,glazed_rim_porcelain_ramekin_1,-0.20043188120235164,0.20843092096777255,0.8993413527679525
3,recorded_state,86,plate_1,0.0531209701650049,0.18596116569810714,0.9024996849914995
3,recorded_state,87,akita_black_bowl_1,0.00470077429555335,-0.04783076971872445,1.26028149620099
3,recorded_state,87,akita_black_bowl_2,-0.2522440959616721,-0.15217509651798947,0.9254668691350953
3,recorded_state,87,cookies_1,0.06669794574778834,0.018072925422481532,0.9093709548379013
3,recorded_state,87,glazed_rim_porcelain_ramekin_1,-0.20043188120235164,0.20843092096777255,0.8993413527679525
3,recorded_state,87,plate_1,0.0531209701650049,0.18596116569810714,0.9024996849914995
3,recorded_state,88,akita_black_bowl_1,0.007184442644391359,-0.036775875760839384,1.258774399521207
3,recorded_state,88,akita_black_bowl_2,-0.2522440959616721,-0.15217509651798947,0.9254668691350953
3,recorded_state,88,cookies_1,0.06669794574778834,0.018072925422481532,0.9093709548379013
3,recorded_state,88,glazed_rim_porcelain_ramekin_1,-0.20043188120235164,0.20843092096777255,0.8993413527679525
3,recorded_state,88,plate_1,0.0531209701650049,0.18596116569810714,0.9024996849914995
3,recorded_state,89,akita_black_bowl_1,0.009999926260603255,-0.025692139290892504,1.2565479766479402
3,recorded_state,89,akita_black_bowl_2,-0.2522440959616721,-0.15217509651798947,0.9254668691350953
3,recorded_state,89,cookies_1,0.06669794574778834,0.018072925422481532,0.9093709548379013
3,recorded_state,89,glazed_rim_porcelain_ramekin_1,-0.20043188120235164,0.20843092096777255,0.8993413527679525
3,recorded_state,89,plate_1,0.0531209701650049,0.18596116569810714,0.9024996849914995
3,recorded_state,90,akita_black_bowl_1,0.0131251255703454,-0.014582091187143887,1.2534109447042816
3,recorded_state,90,akita_black_bowl_2,-0.2522440959616721,-0.15217509651798947,0.9254668691350953
3,recorded_state,90,cookies_1,0.06669794574778834,0.018072925422481532,0.9093709548379013
3,recorded_state,90,glazed_rim_porcelain_ramekin_1,-0.20043188120235164,0.20843092096777255,0.8993413527679525
3,recorded_state,90,plate_1,0.0531209701650049,0.18596116569810714,0.9024996849914995
3,recorded_state,91,akita_black_bowl_1,0.01637307543382131,-0.0034410729624694673,1.2494254887943972
3,recorded_state,91,akita_black_bowl_2,-0.2522440959616721,-0.15217509651798947,0.9254668691350953
3,recorded_state,91,cookies_1,0.06669794574778834,0.018072925422481532,0.9093709548379013
3,recorded_state,91,glazed_rim_porcelain_ramekin_1,-0.20043188120235164,0.20843092096777255,0.8993413527679525
3,recorded_state,91,plate_1,0.0531209701650049,0.18596116569810714,0.9024996849914995
3,recorded_state,92,akita_black_bowl_1,0.019895086821469767,0.007710937191228197,1.244349266827514
3,recorded_state,92,akita_black_bowl_2,-0.2522440959616721,-0.15217509651798947,0.9254668691350953
3,recorded_state,92,cookies_1,0.06669794574778834,0.018072925422481532,0.9093709548379013
3,recorded_state,92,glazed_rim_porcelain_ramekin_1,-0.20043188120235164,0.20843092096777255,0.8993413527679525
3,recorded_state,92,plate_1,0.0531209701650049,0.18596116569810714,0.9024996849914995
3,recorded_state,93,akita_black_bowl_1,0.02366605706464662,0.018869580182130388,1.2382425739143474
3,recorded_state,93,akita_black_bowl_2,-0.2522440959616721,-0.15217509651798947,0.9254668691350953
3,recorded_state,93,cookies_1,0.06669794574778834,0.018072925422481532,0.9093709548379013
3,recorded_state,93,glazed_rim_porcelain_ramekin_1,-0.20043188120235164,0.20843092096777255,0.8993413527679525
3,recorded_state,93,plate_1,0.0531209701650049,0.18596116569810714,0.9024996849914995
3,recorded_state,94,akita_black_bowl_1,0.027490816496964804,0.030089476693306038,1.2309683617350085
3,recorded_state,94,akita_black_bowl_2,-0.2522440959616721,-0.15217509651798947,0.9254668691350953
3,recorded_state,94,cookies_1,0.06669794574778834,0.018072925422481532,0.9093709548379013
3,recorded_state,94,glazed_rim_porcelain_ramekin_1,-0.20043188120235164,0.20843092096777255,0.8993413527679525
3,recorded_state,94,plate_1,0.0531209701650049,0.18596116569810714,0.9024996849914995
3,recorded_state,95,akita_black_bowl_1,0.03134574012686754,0.04137155501730074,1.222454526104273
3,recorded_state,95,akita_black_bowl_2,-0.2522440959616721,-0.15217509651798947,0.9254668691350953
3,recorded_state,95,cookies_1,0.06669794574778834,0.018072925422481532,0.9093709548379013
3,recorded_state,95,glazed_rim_porcelain_ramekin_1,-0.20043188120235164,0.20843092096777255,0.8993413527679525
3,recorded_state,95,plate_1,0.0531209701650049,0.18596116569810714,0.9024996849914995
3,recorded_state,96,akita_black_bowl_1,0.03506493202117552,0.05258054449635849,1.2129922079573412
3,recorded_state,96,akita_black_bowl_2,-0.2522440959616721,-0.15217509651798947,0.9254668691350953
3,recorded_state,96,cookies_1,0.06669794574778834,0.018072925422481532,0.9093709548379013
3,recorded_state,96,glazed_rim_porcelain_ramekin_1,-0.20043188120235164,0.20843092096777255,0.8993413527679525
3,recorded_state,96,plate_1,0.0531209701650049,0.18596116569810714,0.9024996849914995
3,recorded_state,97,akita_black_bowl_1,0.03856660970016886,0.06357609760524263,1.2029085192161406
3,recorded_state,97,akita_black_bowl_2,-0.2522440959616721,-0.15217509651798947,0.9254668691350953
3,recorded_state,97,cookies_1,0.06669794574778834,0.018072925422481532,0.9093709548379013
3,recorded_state,97,glazed_rim_porcelain_ramekin_1,-0.20043188120235164,0.20843092096777255,0.8993413527679525
3,recorded_state,97,plate_1,0.0531209701650049,0.18596116569810714,0.9024996849914995
3,recorded_state,98,akita_black_bowl_1,0.04193531104325615,0.07443113439381531,1.1924476559303512
3,recorded_state,98,akita_black_bowl_2,-0.2522440959616721,-0.15217509651798947,0.9254668691350953
3,recorded_state,98,cookies_1,0.06669794574778834,0.018072925422481532,0.9093709548379013
3,recorded_state,98,glazed_rim_porcelain_ramekin_1,-0.20043188120235164,0.20843092096777255,0.8993413527679525
3,recorded_state,98,plate_1,0.0531209701650049,0.18596116569810714,0.9024996849914995
3,recorded_state,99,akita_black_bowl_1,0.04536455713175586,0.08516836911357953,1.1816384829821989
3,recorded_state,99,akita_black_bowl_2,-0.2522440959616721,-0.15217509651798947,0.9254668691350953
3,recorded_state,99,cookies_1,0.06669794574778834,0.018072925422481532,0.9093709548379013
3,recorded_state,99,glazed_rim_porcelain_ramekin_1,-0.20043188120235164,0.20843092096777255,0.8993413527679525
3,recorded_state,99,plate_1,0.0531209701650049,0.18596116569810714,0.9024996849914995
3,recorded_state,100,akita_black_bowl_1,0.049029710579138346,0.09549298117977949,1.1703134975662324
3,recorded_state,100,akita_black_bowl_2,-0.2522440959616721,-0.15217509651798947,0.9254668691350953
3,recorded_state,100,cookies_1,0.06669794574778834,0.018072925422481532,0.9093709548379013
3,recorded_state,100,glazed_rim_porcelain_ramekin_1,-0.20043188120235164,0.20843092096777255,0.8993413527679525
3,recorded_state,100,plate_1,0.0531209701650049,0.18596116569810714,0.9024996849914995
3,recorded_state,101,akita_black_bowl_1,0.05308490553867605,0.1051368492621779,1.1585565651268266
3,recorded_state,101,akita_black_bowl_2,-0.2522440959616721,-0.15217509651798947,0.9254668691350953
3,recorded_state,101,cookies_1,0.06669794574778834,0.018072925422481532,0.9093709548379013
3,recorded_state,101,glazed_rim_porcelain_ramekin_1,-0.20043188120235164,0.20843092096777255,0.8993413527679525
3,recorded_state,101,plate_1,0.0531209701650049,0.18596116569810714,0.9024996849914995
3,recorded_state,102,akita_black_bowl_1,0.05736371675188967,0.11379196418460358,1.1466021225171945
3,recorded_state,102,akita_black_bowl_2,-0.2522440959616721,-0.15217509651798947,0.9254668691350953
3,recorded_state,102,cookies_1,0.06669794574778834,0.018072925422481532,0.9093709548379013
3,recorded_state,102,glazed_rim_porcelain_ramekin_1,-0.20043188120235164,0.20843092096777255,0.8993413527679525
3,recorded_state,102,plate_1,0.0531209701650049,0.18596116569810714,0.9024996849914995
3,recorded_state,103,akita_black_bowl_1,0.061608721447326424,0.12155402935431675,1.1345265345492828
3,recorded_state,103,akita_black_bowl_2,-0.2522440959616721,-0.15217509651798947,0.9254668691350953
3,recorded_state,103,cookies_1,0.06669794574778834,0.018072925422481532,0.9093709548379013
3,recorded_state,103,glazed_rim_porcelain_ramekin_1,-0.20043188120235164,0.20843092096777255,0.8993413527679525
3,recorded_state,103,plate_1,0.0531209701650049,0.18596116569810714,0.9024996849914995
3,recorded_state,104,akita_black_bowl_1,0.06547452247299201,0.12849399240026022,1.122308126198294
3,recorded_state,104,akita_black_bowl_2,-0.2522440959616721,-0.15217509651798947,0.9254668691350953
3,recorded_state,104,cookies_1,0.06669794574778834,0.018072925422481532,0.9093709548379013
3,recorded_state,104,glazed_rim_porcelain_ramekin_1,-0.20043188120235164,0.20843092096777255,0.8993413527679525
3,recorded_state,104,plate_1,0.0531209701650049,0.18596116569810714,0.9024996849914995
3,recorded_state,105,akita_black_bowl_1,0.06867588493941867,0.1346202022797323,1.1100021869737087
3,recorded_state,105,akita_black_bowl_2,-0.2522440959616721,-0.15217509651798947,0.9254668691350953
3,recorded_state,105,cookies_1,0.06669794574778834,0.018072925422481532,0.9093709548379013
3,recorded_state,105,glazed_rim_porcelain_ramekin_1,-0.20043188120235164,0.20843092096777255,0.8993413527679525
3,recorded_state,105,plate_1,0.0531209701650049,0.18596116569810714,0.9024996849914995
3,recorded_state,106,akita_black_bowl_1,0.07093625524583581,0.1399168987178124,1.097772834163837
3,recorded_state,106,akita_black_bowl_2,-0.2522440959616721,-0.15217509651798947,0.9254668691350953
3,recorded_state,106,cookies_1,0.06669794574778834,0.018072925422481532,0.9093709548379013
3,recorded_state,106,glazed_rim_porcelain_ramekin_1,-0.20043188120235164,0.20843092096777255,0.8993413527679525
3,recorded_state,106,plate_1,0.0531209701650049,0.18596116569810714,0.9024996849914995
3,recorded_state,107,akita_black_bowl_1,0.07238699334244546,0.14460755328066968,1.0857482891250623
3,recorded_state,107,akita_black_bowl_2,-0.2522440959616721,-0.15217509651798947,0.9254668691350953
3,recorded_state,107,cookies_1,0.06669794574778834,0.018072925422481532,0.9093709548379013
3,recorded_state,107,glazed_rim_porcelain_ramekin_1,-0.20043188120235164,0.20843092096777255,0.8993413527679525
3,recorded_state,107,plate_1,0.0531209701650049,0.18596116569810714,0.9024996849914995
3,recorded_state,108,akita_black_bowl_1,0.07347654692955906,0.1488841188019269,1.073821994040103
3,recorded_state,108,akita_black_bowl_2,-0.2522440959616721,-0.15217509651798947,0.9254668691350953
3,recorded_state,108,cookies_1,0.06669794574778834,0.018072925422481532,0.9093709548379013
3,recorded_state,108,glazed_rim_porcelain_ramekin_1,-0.20043188120235164,0.20843092096777255,0.8993413527679525
3,recorded_state,108,plate_1,0.0531209701650049,0.18596116569810714,0.9024996849914995
3,recorded_state,109,akita_black_bowl_1,0.07439855720463993,0.15277888642744314,1.0618160706055502
3,recorded_state,109,akita_black_bowl_2,-0.2522440959616721,-0.15217509651798947,0.9254668691350953
3,recorded_state,109,cookies_1,0.06669794574778834,0.018072925422481532,0.9093709548379013
3,recorded_state,109,glazed_rim_porcelain_ramekin_1,-0.20043188120235164,0.20843092096777255,0.8993413527679525
3,recorded_state,109,plate_1,0.0531209701650049,0.18596116569810714,0.9024996849914995
3,recorded_state,110,akita_black_bowl_1,0.07522915011219332,0.1564274838390137,1.049705273723805
3,recorded_state,110,akita_black_bowl_2,-0.2522440959616721,-0.15217509651798947,0.9254668691350953
3,recorded_state,110,cookies_1,0.06669794574778834,0.018072925422481532,0.9093709548379013
3,recorded_state,110,glazed_rim_porcelain_ramekin_1,-0.20043188120235164,0.20843092096777255,0.8993413527679525
3,recorded_state,110,plate_1,0.0531209701650049,0.18596116569810714,0.9024996849914995
3,recorded_state,111,akita_black_bowl_1,0.0758219272391744,0.15967566123120056,1.0374000643214398
3,recorded_state,111,akita_black_bowl_2,-0.2522440959616721,-0.15217509651798947,0.9254668691350953
3,recorded_state,111,cookies_1,0.06669794574778834,0.018072925422481532,0.9093709548379013
3,recorded_state,111,glazed_rim_porcelain_ramekin_1,-0.20043188120235164,0.20843092096777255,0.8993413527679525
3,recorded_state,111,plate_1,0.0531209701650049,0.18596116569810714,0.9024996849914995
3,recorded_state,112,akita_black_bowl_1,0.07627559288518077,0.16235449548503736,1.0249996159355959
3,recorded_state,112,akita_black_bowl_2,-0.2522440959616721,-0.15217509651798947,0.9254668691350953
3,recorded_state,112,cookies_1,0.06669794574778834,0.018072925422481532,0.9093709548379013
3,recorded_state,112,glazed_rim_porcelain_ramekin_1,-0.20043188120235164,0.20843092096777255,0.8993413527679525
3,recorded_state,112,plate_1,0.0531209701650049,0.18596116569810714,0.9024996849914995
3,recorded_state,113,akita_black_bowl_1,0.07692607860827354,0.16451898431147344,1.0124843323970167
3,recorded_state,113,akita_black_bowl_2,-0.2522440959616721,-0.15217509651798947,0.9254668691350953
3,recorded_state,113,cookies_1,0.06669794574778834,0.018072925422481532,0.9093709548379013
3,recorded_state,113,glazed_rim_porcelain_ramekin_1,-0.20043188120235164,0.20843092096777255,0.8993413527679525
3,recorded_state,113,plate_1,0.0531209701650049,0.18596116569810714,0.9024996849914995
3,recorded_state,114,akita_black_bowl_1,0.07790438740118578,0.1663767506153343,1.0001552700868195
3,recorded_state,114,akita_black_bowl_2,-0.2522440959616721,-0.15217509651798947,0.9254668691350953
3,recorded_state,114,cookies_1,0.06669794574778834,0.018072925422481532,0.9093709548379013
3,recorded_state,114,glazed_rim_porcelain_ramekin_1,-0.20043188120235164,0.20843092096777255,0.8993413527679525
3,recorded_state,114,plate_1,0.0531209701650049,0.18596116569810714,0.9024996849914995
3,recorded_state,115,akita_black_bowl_1,0.0794006513714431,0.16808570744720266,0.9887272709914788
3,recorded_state,115,akita_black_bowl_2,-0.2522440959616721,-0.15217509651798947,0.9254668691350953
3,recorded_state,115,cookies_1,0.06669794574778834,0.018072925422481532,0.9093709548379013
3,recorded_state,115,glazed_rim_porcelain_ramekin_1,-0.20043188120235164,0.20843092096777255,0.8993413527679525
3,recorded_state,115,plate_1,0.0531209701650049,0.18596116569810714,0.9024996849914995
3,recorded_state,116,akita_black_bowl_1,0.08081591028017418,0.169605941002929,0.978437753184699
3,recorded_state,116,akita_black_bowl_2,-0.2522440959616721,-0.15217509651798947,0.9254668691350953
3,recorded_state,116,cookies_1,0.06669794574778834,0.018072925422481532,0.9093709548379013
3,recorded_state,116,glazed_rim_porcelain_ramekin_1,-0.20043188120235164,0.20843092096777255,0.8993413527679525
3,recorded_state,116,plate_1,0.0531209701650049,0.18596116569810714,0.9024996849914995
3,recorded_state,117,akita_black_bowl_1,0.08153615630283563,0.17094127965742817,0.9688670237171785
3,recorded_state,117,akita_black_bowl_2,-0.2522440959616721,-0.15217509651798947,0.9254668691350953
3,recorded_state,117,cookies_1,0.06669794574778834,0.018072925422481532,0.9093709548379013
3,recorded_state,117,glazed_rim_porcelain_ramekin_1,-0.20043188120235164,0.20843092096777255,0.8993413527679525
3,recorded_state,117,plate_1,0.0531209701650049,0.18596116569810714,0.9024996849914995
3,recorded_state,118,akita_black_bowl_1,0.08165649644268021,0.17225692324926323,0.9597095548419574
3,recorded_state,118,akita_black_bowl_2,-0.2522440959616721,-0.15217509651798947,0.9254668691350953
3,recorded_state,118,cookies_1,0.06669794574778834,0.018072925422481532,0.9093709548379013
3,recorded_state,118,glazed_rim_porcelain_ramekin_1,-0.20043188120235164,0.20843092096777255,0.8993413527679525
3,recorded_state,118,plate_1,0.0531209701650049,0.18596116569810714,0.9024996849914995
3,recorded_state,119,akita_black_bowl_1,0.08105698080717884,0.17342875012285858,0.9507595917440909
3,recorded_state,119,akita_black_bowl_2,-0.2522440959616721,-0.15217509651798947,0.9254668691350953
3,recorded_state,119,cookies_1,0.06669794574778834,0.018072925422481532,0.9093709548379013
3,recorded_state,119,glazed_rim_porcelain_ramekin_1,-0.20043188120235164,0.20843092096777255,0.8993413527679525
3,recorded_state,119,plate_1,0.0531209701650049,0.18596116569810714,0.9024996849914995
3,recorded_state,120,akita_black_bowl_1,0.0799611235184056,0.17460469778262325,0.9419603788521329
3,recorded_state,120,akita_black_bowl_2,-0.2522440959616721,-0.15217509651798947,0.9254668691350953
3,recorded_state,120,cookies_1,0.06669794574778834,0.018072925422481532,0.9093709548379013
3,recorded_state,120,glazed_rim_porcelain_ramekin_1,-0.20043188120235164,0.20843092096777255,0.8993413527679525
3,recorded_state,120,plate_1,0.0531209701650049,0.18596116569810714,0.9024996849914995
3,recorded_state,121,akita_black_bowl_1,0.07806915640069803,0.17611440132680167,0.9336308213816805
3,recorded_state,121,akita_black_bowl_2,-0.2522440959616721,-0.15217509651798947,0.9254668691350953
3,recorded_state,121,cookies_1,0.06669794574778834,0.018072925422481532,0.9093709548379013
3,recorded_state,121,glazed_rim_porcelain_ramekin_1,-0.20043188120235164,0.20843092096777255,0.8993413527679525
3,recorded_state,121,plate_1,0.0531209701650049,0.18596116569810714,0.9024996849914995
3,recorded_state,122,akita_black_bowl_1,0.07545285991271418,0.1780019872218889,0.9265303818232401
3,recorded_state,122,akita_black_bowl_2,-0.2522440959616721,-0.15217509651798947,0.9254668691350953
3,recorded_state,122,cookies_1,0.06669794574778834,0.018072925422481532,0.9093709548379013
3,recorded_state,122,glazed_rim_porcelain_ramekin_1,-0.20043188120235164,0.20843092096777255,0.8993413527679525
3,recorded_state,122,plate_1,0.0531209701650049,0.18596116569810714,0.9024996849914995
3,recorded_state,123,akita_black_bowl_1,0.07297142097783274,0.17997694817129495,0.9213177699020758
3,recorded_state,123,akita_black_bowl_2,-0.2522440959616721,-0.15217509651798947,0.9254668691350953
3,recorded_state,123,cookies_1,0.06669794574778834,0.018072925422481532,0.9093709548379013
3,recorded_state,123,glazed_rim_porcelain_ramekin_1,-0.20043188120235164,0.20843092096777255,0.8993413527679525
3,recorded_state,123,plate_1,0.0531209701650049,0.18596116569810714,0.9024996849914995
3,recorded_state,124,akita_black_bowl_1,0.07141441474643771,0.18244931260604402,0.9180928763486264
3,recorded_state,124,akita_black_bowl_2,-0.2522440959616721,-0.15217509651798947,0.9254668691350953
3,recorded_state,124,cookies_1,0.06669794574778834,0.018072925422481532,0.9093709548379013
3,recorded_state,124,glazed_rim_porcelain_ramekin_1,-0.20043188120235164,0.20843092096777255,0.8993413527679525
3,recorded_state,124,plate_1,0.0531209701650049,0.18596116569810714,0.9024996849914995
3,recorded_state,125,akita_black_bowl_1,0.07045883178998916,0.18617782429877894,0.9125206278470148
3,recorded_state,125,akita_black_bowl_2,-0.2522440959616721,-0.15217509651798947,0.9254668691350953
3,recorded_state,125,cookies_1,0.06669794574778834,0.018072925422481532,0.9093709548379013
3,recorded_state,125,glazed_rim_porcelain_ramekin_1,-0.20043188120235164,0.20843092096777255,0.8993413527679525
3,recorded_state,125,plate_1,0.05312304525984057,0.1859594415296198,0.9024929551364309
3,recorded_state,126,akita_black_bowl_1,0.07031411722727922,0.18655858723884886,0.9110680399190958
3,recorded_state,126,akita_black_bowl_2,-0.2522440959616721,-0.15217509651798947,0.9254668691350953
3,recorded_state,126,cookies_1,0.06669794574778834,0.018072925422481532,0.9093709548379013
3,recorded_state,126,glazed_rim_porcelain_ramekin_1,-0.20043188120235164,0.20843092096777255,0.8993413527679525
3,recorded_state,126,plate_1,0.05312216771863357,0.18595993502963876,0.9024856725488047
3,recorded_state,127,akita_black_bowl_1,0.07020638688238973,0.18690404000294225,0.9093603413449755
3,recorded_state,127,akita_black_bowl_2,-0.2522440959616721,-0.15217509651798947,0.9254668691350953
3,recorded_state,127,cookies_1,0.06669794574778834,0.018072925422481532,0.9093709548379013
3,recorded_state,127,glazed_rim_porcelain_ramekin_1,-0.20043188120235164,0.20843092096777255,0.8993413527679525
3,recorded_state,127,plate_1,0.05312212167114557,0.18595988813674705,0.9024854543098271
3,recorded_state,128,akita_black_bowl_1,0.07026035658773894,0.18687356040025854,0.9076785603338177
3,recorded_state,128,akita_black_bowl_2,-0.2522440959616721,-0.15217509651798947,0.9254668691350953
3,recorded_state,128,cookies_1,0.06669794574778834,0.018072925422481532,0.9093709548379013
3,recorded_state,128,glazed_rim_porcelain_ramekin_1,-0.20043188120235164,0.20843092096777255,0.8993413527679525
3,recorded_state,128,plate_1,0.053120603902898925,0.18596144015226976,0.9024766619446354
3,recorded_state,129,akita_black_bowl_1,0.07024502415385608,0.1869141669540832,0.9075217895435761
3,recorded_state,129,akita_black_bowl_2,-0.2522440959616721,-0.15217509651798947,0.9254668691350953
3,recorded_state,129,cookies_1,0.06669794574778834,0.018072925422481532,0.9093709548379013
3,recorded_state,129,glazed_rim_porcelain_ramekin_1,-0.20043188120235164,0.20843092096777255,0.8993413527679525
3,recorded_state,129,plate_1,0.053121660191805024,0.18596150303126183,0.9024783401717344
3,recorded_state,130,akita_black_bowl_1,0.070238558100184,0.18689958769615211,0.9075130451113481
3,recorded_state,130,akita_black_bowl_2,-0.2522440959616721,-0.15217509651798947,0.9254668691350953
3,recorded_state,130,cookies_1,0.06669794574778834,0.018072925422481532,0.9093709548379013
3,recorded_state,130,glazed_rim_porcelain_ramekin_1,-0.20043188120235164,0.20843092096777255,0.8993413527679525
3,recorded_state,130,plate_1,0.05312250302830839,0.18596089658787834,0.9024807631127916
3,recorded_state,131,akita_black_bowl_1,0.07024195890842143,0.1868909896035018,0.9075102179330179
3,recorded_state,131,akita_black_bowl_2,-0.2522440959616721,-0.15217509651798947,0.9254668691350953
3,recorded_state,131,cookies_1,0.06669794574778834,0.018072925422481532,0.9093709548379013
3,recorded_state,131,glazed_rim_porcelain_ramekin_1,-0.20043188120235164,0.20843092096777255,0.8993413527679525
3,recorded_state,131,plate_1,0.05312258304137009,0.18596100874786964,0.9024810275688461
3,recorded_state,132,akita_black_bowl_1,0.07024404695241541,0.18688606153168386,0.9075090560115372
3,recorded_state,132,akita_black_bowl_2,-0.2522440959616721,-0.15217509651798947,0.9254668691350953
3,recorded_state,132,cookies_1,0.06669794574778834,0.018072925422481532,0.9093709548379013
3,recorded_state,132,glazed_rim_porcelain_ramekin_1,-0.20043188120235164,0.20843092096777255,0.8993413527679525
3,recorded_state,132,plate_1,0.05312262703845669,0.18596099107844707,0.902481133255603
3,recorded_state,133,akita_black_bowl_1,0.07024400149843804,0.18688619742894025,0.9075090968002324
3,recorded_state,133,akita_black_bowl_2,-0.2522440959616721,-0.15217509651798947,0.9254668691350953
3,recorded_state,133,cookies_1,0.06669794574778834,0.018072925422481532,0.9093709548379013
3,recorded_state,133,glazed_rim_porcelain_ramekin_1,-0.20043188120235164,0.20843092096777255,0.8993413527679525
3,recorded_state,133,plate_1,0.053122640901126686,0.18596098116338525,0.9024811663500589
3,recorded_state,134,akita_black_bowl_1,0.0702439978614566,0.18688619546899188,0.9075090849554502
3,recorded_state,134,akita_black_bowl_2,-0.2522440959616721,-0.15217509651798947,0.9254668691350953
3,recorded_state,134,cookies_1,0.06669794574778834,0.018072925422481532,0.9093709548379013
3,recorded_state,134,glazed_rim_porcelain_ramekin_1,-0.20043188120235164,0.20843092096777255,0.8993413527679525
3,recorded_state,134,plate_1,0.05312264435326424,0.18596097917221327,0.9024811748507194
3,recorded_state,135,akita_black_bowl_1,0.07024398901945227,0.18688619381762672,0.9075090793020035
3,recorded_state,135,akita_black_bowl_2,-0.2522440959616721,-0.15217509651798947,0.9254668691350953
3,recorded_state,135,cookies_1,0.06669794574778834,0.018072925422481532,0.9093709548379013
3,recorded_state,135,glazed_rim_porcelain_ramekin_1,-0.20043188120235164,0.20843092096777255,0.8993413527679525
3,recorded_state,135,plate_1,0.05312264527491983,0.18596097865848188,0.9024811771649912
3,settling_step,0,akita_black_bowl_1,0.014415743712169674,-0.29071893632380835,1.1263997104596004
3,settling_step,0,akita_black_bowl_2,-0.25224343499904783,-0.15217525690014427,0.9254584906895845
3,settling_step,0,cookies_1,0.06669794803788115,0.018072927081672158,0.9092097974085793
3,settling_step,0,glazed_rim_porcelain_ramekin_1,-0.2004318812363835,0.20843092269363836,0.8991595343682753
3,settling_step,0,plate_1,0.053120957588951766,0.18596115027377502,0.9023145976636144
3,settling_step,1,akita_black_bowl_1,0.014415743695772136,-0.29071893629894024,1.1263999726167462
3,settling_step,1,akita_black_bowl_2,-0.25224063213500764,-0.1521863445871422,0.926742093816206
3,settling_step,1,cookies_1,0.06669797193939267,0.018072939030374484,0.9093300861766987
3,settling_step,1,glazed_rim_porcelain_ramekin_1,-0.20043188108863166,0.2084309229891122,0.8992854867435195
3,settling_step,1,plate_1,0.05312091805446106,0.185961122841516,0.9024460943948688
3,settling_step,2,akita_black_bowl_1,0.0144157436943165,-0.29071893629886336,1.12639998418856
3,settling_step,2,akita_black_bowl_2,-0.2522335188474896,-0.152193195649185,0.9287727656266561
3,settling_step,2,cookies_1,0.06669798391830478,0.01807294491077094,0.9093830399252214
3,settling_step,2,glazed_rim_porcelain_ramekin_1,-0.20043188066480663,0.20843092565788193,0.8993404789478808
3,settling_step,2,plate_1,0.053120898365060086,0.1859611114884265,0.9025036437710834
3,settling_step,3,akita_black_bowl_1,0.014415743694315912,-0.29071893629886336,1.12639998419731
3,settling_step,3,akita_black_bowl_2,-0.25223128476007767,-0.1521937935424982,0.9289011400892128
3,settling_step,3,cookies_1,0.06669798428044459,0.01807294502070766,0.9093853716055047
3,settling_step,3,glazed_rim_porcelain_ramekin_1,-0.20043188064844072,0.2084309257659306,0.8993429633678837
3,settling_step,3,plate_1,0.053120897470529345,0.18596111139201826,0.9025062195344957
3,settling_step,4,akita_black_bowl_1,0.014415743694315912,-0.29071893629886336,1.1263999841973162
3,settling_step,4,akita_black_bowl_2,-0.252231223114157,-0.15219381137572865,0.9289068115555721
3,settling_step,4,cookies_1,0.06669798429017137,0.01807294502161707,0.9093854728248176
3,settling_step,4,glazed_rim_porcelain_ramekin_1,-0.20043188064795303,0.20843092576936348,0.8993430741196892
3,settling_step,4,plate_1,0.05312089743110947,0.18596111140337945,0.9025063332747032
3,settling_step,5,akita_black_bowl_1,0.014415743694315912,-0.29071893629886336,1.1263999841973162
3,settling_step,5,akita_black_bowl_2,-0.25223122145837157,-0.15219381191243114,0.9289070633890318
3,settling_step,5,cookies_1,0.06669798429043113,0.018072945021616785,0.9093854772191714
3,settling_step,5,glazed_rim_porcelain_ramekin_1,-0.20043188064793893,0.208430925769471,0.8993430790568099
3,settling_step,5,plate_1,0.05312089742937339,0.1859611114044572,0.9025063382973714
3,settling_step,6,akita_black_bowl_1,0.014415743694315912,-0.29071893629886336,1.1263999841973162
3,settling_step,6,akita_black_bowl_2,-0.25223122141340576,-0.15219381192908157,0.9289070745777003
3,settling_step,6,cookies_1,0.06669798429043806,0.01807294502161667,0.9093854774099497
3,settling_step,6,glazed_rim_porcelain_ramekin_1,-0.2004318806479386,0.20843092576947433,0.8993430792768992
3,settling_step,6,plate_1,0.053120897429296904,0.18596111140452615,0.9025063385191685
3,settling_step,7,akita_black_bowl_1,0.014415743694315912,-0.29071893629886336,1.1263999841973162
3,settling_step,7,akita_black_bowl_2,-0.2522312214121607,-0.15219381192961984,0.9289070750749525
3,settling_step,7,cookies_1,0.06669798429043823,0.01807294502161667,0.9093854774182324
3,settling_step,7,glazed_rim_porcelain_ramekin_1,-0.2004318806479386,0.20843092576947433,0.8993430792867104
3,settling_step,7,plate_1,0.053120897429293545,0.18596111140452995,0.9025063385289629
3,settling_step,8,akita_black_bowl_1,0.014415743694315912,-0.29071893629886336,1.1263999841973162
3,settling_step,8,akita_black_bowl_2,-0.25223122141212534,-0.1521938119296381,0.9289070750970555
3,settling_step,8,cookies_1,0.06669798429043823,0.01807294502161667,0.9093854774185919
3,settling_step,8,glazed_rim_porcelain_ramekin_1,-0.2004318806479386,0.20843092576947433,0.8993430792871476
3,settling_step,8,plate_1,0.05312089742929341,0.1859611114045301,0.9025063385293953
3,settling_step,9,akita_black_bowl_1,0.014415743694315912,-0.29071893629886336,1.1263999841973162
3,settling_step,9,akita_black_bowl_2,-0.2522312214121244,-0.1521938119296387,0.9289070750980384
3,settling_step,9,cookies_1,0.06669798429043823,0.01807294502161667,0.9093854774186073
3,settling_step,9,glazed_rim_porcelain_ramekin_1,-0.2004318806479386,0.20843092576947433,0.8993430792871672
3,settling_step,9,plate_1,0.05312089742929341,0.1859611114045301,0.9025063385294144
3,settling_step,10,akita_black_bowl_1,0.014415743694315912,-0.29071893629886336,1.1263999841973162
3,settling_step,10,akita_black_bowl_2,-0.2522312214121244,-0.1521938119296387,0.9289070750980819
3,settling_step,10,cookies_1,0.06669798429043823,0.01807294502161667,0.9093854774186078
3,settling_step,10,glazed_rim_porcelain_ramekin_1,-0.2004318806479386,0.20843092576947433,0.8993430792871678
3,settling_step,10,plate_1,0.05312089742929341,0.1859611114045301,0.902506338529415
